customerID,genero,idade,estado_civil,renda_mensal,tipo_plano,tempo_com_empresa,usa_internet,suporte_tecnico,cancelou,atrasos_pagamento,numero_reclamacoes,motivo_cancelamento,numero_upgrades,numero_downgrades,+
1,Masculino,34,Solteiro,7093.79,Intermediário+,11,Sim,Sim,1,1,0,Problemas técnicos,0,0,
2,Feminino,26,Casado,2398.7,Básico,68,Não,Não,1,6,2,Preço alto,1,0,
3,Masculino,50,Solteiro,4036.33,Básico,68,Sim,Não,0,2,3,,0,0,
4,Masculino,37,Solteiro,6118.33,Intermediário+,22,Sim,Sim,1,2,4,Problemas técnicos,1,0,
5,Masculino,30,Casado,3880.54,Básico,66,Sim,Não,1,0,5,Atendimento ruim,0,0,
6,Feminino,45,Divorciado,4678.56,Básico+,44,Não,Sim,1,0,1,Problemas técnicos,0,1,
7,Masculino,65,Casado,2406.41,Básico+,6,Sim,Sim,1,0,5,Problemas técnicos,0,0,
8,Masculino,46,Casado,4642.46,Básico+,42,Sim,Sim,1,5,4,Concorrência,0,0,
9,Masculino,30,Casado,3719.28,Básico,25,Não,Não,1,3,0,Concorrência,1,0,
10,Feminino,63,Casado,5478.59,Básico,57,Sim,Não,0,0,2,,1,0,
11,Masculino,52,Solteiro,5781.08,Premium,55,Sim,Não,0,0,5,,0,0,
12,Masculino,23,Solteiro,7884.35,Intermediário,16,Sim,Não,0,3,5,,0,0,
13,Masculino,35,Solteiro,4869.45,Básico,14,Sim,Não,0,2,5,,0,0,
14,Masculino,68,Solteiro,4488.69,Básico+,39,Não,Sim,0,0,5,,0,0,
15,Feminino,22,Casado,4291.58,Intermediário+,28,Sim,Sim,0,1,4,,0,2,
16,Masculino,64,Solteiro,3470.25,Básico,51,Não,Não,0,2,5,,0,0,
17,Feminino,42,Solteiro,4507.73,Premium+,49,Sim,Sim,0,0,5,,0,0,
18,Feminino,19,Solteiro,3556.9,Intermediário,9,Sim,Não,0,1,5,,1,2,
19,Feminino,27,Casado,4252.69,Intermediário,58,Não,Não,1,2,1,Preço alto,0,0,
20,Masculino,47,Solteiro,5976.4,Básico,45,Sim,Não,0,0,3,,0,0,
21,Feminino,67,Casado,2490.19,Intermediário,22,Sim,Não,0,1,4,,0,1,
22,Masculino,62,Solteiro,5709.82,Básico+,32,Sim,Sim,0,0,4,,0,0,
23,Feminino,22,Solteiro,5975.67,Premium+,69,Não,Sim,0,2,4,,0,0,
24,Feminino,50,Casado,3822.9,Intermediário,69,Sim,Não,0,3,4,,1,0,
25,Feminino,18,Casado,817.22,Básico+,42,Sim,Sim,0,2,4,,1,1,
26,Feminino,35,Solteiro,3088.27,Básico,53,Sim,Não,1,4,5,Preço alto,0,0,
27,Feminino,49,Casado,5945.49,Básico+,59,Sim,Sim,0,2,4,,0,0,
28,Feminino,64,Casado,3965.7,Intermediário,39,Sim,Não,0,2,4,,0,0,
29,Feminino,66,Solteiro,2501.05,Básico,15,Sim,Não,1,2,3,Problemas técnicos,1,0,
30,Feminino,28,Casado,3242.84,Intermediário,71,Sim,Não,1,0,3,Problemas técnicos,0,0,
31,Masculino,38,Casado,5260.93,Básico+,29,Sim,Sim,0,0,5,,0,0,
32,Masculino,43,Casado,4820.1,Intermediário+,3,Sim,Sim,0,1,3,,0,0,
33,Feminino,42,Casado,3641.6,Premium,10,Não,Não,0,0,5,,0,0,
34,Feminino,39,Casado,3449.76,Intermediário+,29,Sim,Sim,0,0,5,,0,0,
35,Feminino,44,Casado,3412.36,Intermediário,35,Não,Não,0,0,1,,1,0,
36,Masculino,66,Casado,2616.38,Básico,6,Sim,Não,1,4,5,Concorrência,0,1,
37,Feminino,30,Casado,6423.06,Básico,12,Sim,Não,1,1,2,Problemas técnicos,0,0,
38,Masculino,50,Casado,3516.52,Intermediário,38,Não,Não,0,1,0,,0,1,
39,Masculino,51,Casado,5825.74,Básico+,19,Sim,Sim,0,0,4,,1,1,
40,Masculino,58,Casado,6281.97,Básico,67,Sim,Não,0,0,1,,2,0,
41,Masculino,52,Solteiro,5497.47,Básico,8,Não,Não,1,0,3,Concorrência,0,0,
42,Masculino,18,Casado,3352.57,Básico,8,Sim,Não,1,2,4,Concorrência,1,1,
43,Feminino,38,Casado,4605.6,Básico,47,Sim,Não,1,0,3,Preço alto,0,0,
44,Feminino,65,Solteiro,3963.71,Premium,4,Sim,Não,1,5,5,Preço alto,0,1,
45,Feminino,23,Casado,2644.45,Básico+,51,Sim,Sim,0,2,4,,0,0,
46,Feminino,45,Solteiro,4486.54,Intermediário+,67,Sim,Sim,0,1,5,,0,0,
47,Feminino,34,Solteiro,2231.44,Básico,45,Sim,Não,0,0,0,,0,0,
48,Masculino,22,Casado,5781.52,Intermediário+,8,Sim,Sim,0,0,5,,0,0,
49,Feminino,48,Solteiro,3303.07,Básico,16,Sim,Não,1,2,2,Concorrência,0,2,
50,Feminino,22,Casado,4301.74,Premium,67,Sim,Não,1,0,5,Atendimento ruim,1,0,
51,Masculino,55,Casado,4424.93,Premium+,9,Sim,Sim,0,2,3,,0,0,
52,Feminino,20,Casado,3611.64,Básico+,60,Sim,Sim,0,1,5,,0,1,
53,Masculino,40,Solteiro,4880.04,Premium,71,Sim,Não,0,2,4,,0,0,
54,Feminino,54,Solteiro,3287.64,Premium+,15,Sim,Sim,0,1,3,,1,0,
55,Masculino,54,Casado,5306.95,Premium,71,Sim,Não,0,3,5,,0,0,
56,Feminino,27,Divorciado,1981.03,Premium,41,Sim,Não,0,0,2,,0,0,
57,Feminino,27,Casado,4189.57,Básico,22,Sim,Não,0,1,0,,2,0,
58,Masculino,36,Solteiro,6908.39,Intermediário,24,Não,Não,1,0,4,Preço alto,0,0,
59,Masculino,34,Casado,2499.5,Básico+,44,Sim,Sim,0,0,0,,0,0,
60,Masculino,38,Casado,2983.38,Básico,1,Sim,Não,0,1,4,,1,0,
61,Masculino,31,Casado,4770.86,Premium+,10,Sim,Sim,1,1,5,Preço alto,0,0,
62,Masculino,26,Solteiro,4269.37,Básico+,56,Sim,Sim,0,3,3,,0,0,
63,Masculino,63,Casado,4525.95,Intermediário,50,Não,Não,1,4,3,Problemas técnicos,0,0,
64,Masculino,18,Casado,4733.78,Premium,12,Não,Não,1,1,3,Problemas técnicos,0,0,
65,Masculino,68,Divorciado,4952.08,Premium+,60,Sim,Sim,1,1,4,Atendimento ruim,0,0,
66,Feminino,62,Solteiro,5664.55,Premium,26,Sim,Não,0,1,5,,0,0,
67,Feminino,30,Casado,4614.73,Básico,41,Não,Não,0,0,0,,0,1,
68,Masculino,21,Divorciado,3638.11,Básico+,36,Não,Sim,0,0,4,,0,0,
69,Feminino,18,Solteiro,5008.86,Básico+,23,Sim,Sim,0,0,1,,1,0,
70,Feminino,66,Divorciado,6849.82,Básico,43,Sim,Não,1,6,4,Concorrência,0,0,
71,Feminino,57,Casado,3801.05,Básico,6,Sim,Não,1,4,4,Atendimento ruim,0,0,
72,Feminino,49,Solteiro,2538.21,Básico,69,Não,Não,1,0,0,Atendimento ruim,1,0,
73,Masculino,51,Solteiro,5660.62,Intermediário,43,Sim,Não,0,0,4,,0,0,
74,Feminino,45,Casado,3819.43,Intermediário+,25,Sim,Sim,1,4,1,Problemas técnicos,0,0,
75,Masculino,48,Solteiro,741.0,Básico,18,Sim,Não,1,3,1,Problemas técnicos,1,0,
76,Feminino,25,Casado,5271.13,Intermediário,62,Sim,Não,0,0,2,,0,1,
77,Feminino,56,Solteiro,3197.01,Básico,13,Sim,Não,1,4,1,Problemas técnicos,0,0,
78,Feminino,43,Casado,3864.2,Básico+,43,Não,Sim,1,0,5,Preço alto,1,0,
79,Masculino,51,Solteiro,4497.97,Intermediário+,28,Sim,Sim,0,0,3,,0,1,
80,Feminino,20,Casado,4285.75,Intermediário+,18,Sim,Sim,0,2,0,,0,0,
81,Masculino,67,Divorciado,5064.18,Intermediário,59,Sim,Não,0,1,0,,0,0,
82,Feminino,29,Divorciado,3346.77,Básico,60,Sim,Não,1,3,1,Concorrência,0,0,
83,Masculino,18,Casado,4769.66,Premium,63,Sim,Não,0,0,3,,0,0,
84,Feminino,61,Solteiro,3610.68,Intermediário+,57,Sim,Sim,0,2,2,,1,0,
85,Masculino,22,Casado,5108.22,Intermediário+,51,Sim,Sim,0,2,5,,0,0,
86,Masculino,47,Solteiro,4923.05,Intermediário,56,Sim,Não,1,1,2,Atendimento ruim,1,0,
87,Feminino,47,Solteiro,2596.84,Premium,27,Sim,Não,1,3,5,Problemas técnicos,0,0,
88,Masculino,34,Solteiro,5628.97,Intermediário,32,Sim,Não,0,0,5,,1,0,
89,Feminino,65,Solteiro,3196.05,Intermediário+,9,Não,Sim,1,5,4,Atendimento ruim,1,1,
90,Feminino,64,Casado,5212.09,Premium,68,Não,Não,0,0,5,,0,0,
91,Feminino,40,Casado,4550.93,Intermediário+,46,Sim,Sim,0,2,5,,0,0,
92,Feminino,32,Solteiro,6757.28,Básico+,67,Sim,Sim,0,1,2,,0,0,
93,Feminino,54,Solteiro,3664.8,Intermediário,26,Não,Não,1,4,4,Problemas técnicos,0,0,
94,Feminino,38,Divorciado,3476.02,Básico+,8,Sim,Sim,1,2,1,Concorrência,1,1,
95,Feminino,31,Solteiro,3970.87,Básico+,6,Não,Sim,0,0,3,,1,0,
96,Feminino,19,Solteiro,3545.23,Intermediário,24,Não,Não,0,0,3,,0,0,
97,Feminino,28,Solteiro,5199.91,Premium,48,Sim,Não,0,0,0,,0,0,
98,Feminino,68,Casado,1575.53,Premium,45,Sim,Não,0,0,3,,0,0,
99,Feminino,56,Casado,2419.48,Básico,13,Não,Não,1,0,5,Concorrência,0,0,
100,Masculino,55,Solteiro,2398.3,Intermediário+,69,Sim,Sim,0,0,5,,0,0,
101,Masculino,51,Solteiro,5425.46,Básico+,25,Sim,Sim,0,0,4,,1,0,
102,Feminino,55,Casado,6565.92,Premium,20,Sim,Não,0,3,2,,2,0,
103,Feminino,67,Casado,3843.33,Premium,66,Sim,Não,0,2,5,,0,0,
104,Feminino,51,Solteiro,3746.77,Intermediário,45,Sim,Não,1,2,3,Concorrência,0,1,
105,Feminino,35,Divorciado,4105.08,Premium+,47,Sim,Sim,0,3,3,,0,0,
106,Feminino,47,Solteiro,5742.82,Intermediário,63,Não,Não,0,0,0,,0,0,
107,Feminino,32,Solteiro,2608.97,Intermediário+,55,Sim,Sim,0,0,4,,0,0,
108,Feminino,44,Divorciado,4357.55,Básico,19,Sim,Não,0,1,3,,0,0,
109,Feminino,68,Solteiro,5462.8,Básico,35,Sim,Não,0,1,2,,1,0,
110,Masculino,51,Casado,4751.64,Intermediário,53,Sim,Não,0,0,3,,0,1,
111,Feminino,69,Solteiro,4284.37,Intermediário,26,Sim,Não,1,1,5,Atendimento ruim,0,0,
112,Masculino,55,Solteiro,5501.57,Básico,14,Não,Não,0,0,5,,1,1,
113,Feminino,50,Divorciado,54.85,Premium,45,Não,Não,0,0,5,,1,0,
114,Feminino,41,Solteiro,5016.81,Básico,44,Sim,Não,1,4,2,Concorrência,0,0,
115,Masculino,32,Casado,3018.89,Intermediário+,65,Sim,Sim,0,1,3,,0,0,
116,Feminino,47,Solteiro,1254.05,Intermediário,51,Sim,Não,0,1,5,,0,0,
117,Masculino,59,Solteiro,4766.8,Intermediário+,43,Sim,Sim,0,0,0,,1,0,
118,Feminino,68,Solteiro,6060.49,Intermediário,23,Sim,Não,1,0,1,Concorrência,1,0,
119,Feminino,34,Casado,3793.83,Básico,56,Sim,Não,0,0,4,,0,1,
120,Masculino,22,Solteiro,5429.31,Básico,19,Não,Não,1,2,5,Preço alto,0,2,
121,Feminino,46,Casado,6418.42,Intermediário+,55,Sim,Sim,0,2,5,,1,0,
122,Masculino,21,Solteiro,5972.37,Intermediário+,60,Sim,Sim,0,3,5,,0,0,
123,Feminino,27,Divorciado,6459.95,Básico,59,Sim,Não,0,2,1,,0,0,
124,Masculino,34,Solteiro,5113.19,Intermediário,33,Sim,Não,1,0,4,Atendimento ruim,0,0,
125,Masculino,27,Casado,4113.15,Básico,19,Sim,Não,0,1,2,,0,0,
126,Feminino,34,Casado,1597.05,Intermediário+,28,Sim,Sim,0,1,5,,0,0,
127,Feminino,37,Casado,3630.91,Premium,52,Sim,Não,0,0,3,,1,0,
128,Masculino,41,Casado,2735.13,Básico,49,Sim,Não,0,0,4,,1,0,
129,Feminino,22,Casado,7256.41,Básico+,37,Sim,Sim,0,0,4,,0,0,
130,Feminino,51,Casado,3736.17,Intermediário+,26,Sim,Sim,0,0,4,,0,0,
131,Feminino,23,Solteiro,4184.81,Intermediário,40,Sim,Não,0,1,3,,0,0,
132,Masculino,19,Solteiro,4827.23,Intermediário,38,Sim,Não,0,0,2,,0,0,
133,Masculino,30,Divorciado,4065.4,Premium,54,Não,Não,0,0,4,,0,0,
134,Masculino,60,Casado,6542.58,Premium,22,Sim,Não,0,0,5,,1,0,
135,Masculino,60,Casado,3066.03,Premium,16,Sim,Não,0,1,3,,0,0,
136,Masculino,65,Solteiro,4291.91,Intermediário,28,Sim,Não,0,0,0,,0,0,
137,Masculino,28,Solteiro,2886.29,Básico+,35,Sim,Sim,1,2,3,Problemas técnicos,0,0,
138,Masculino,68,Solteiro,2019.97,Básico+,60,Sim,Sim,0,0,2,,1,0,
139,Masculino,64,Casado,3082.35,Básico,45,Sim,Não,0,0,1,,1,0,
140,Masculino,40,Solteiro,3944.44,Intermediário,46,Sim,Não,0,1,4,,1,0,
141,Feminino,33,Solteiro,3356.05,Básico,55,Sim,Não,0,2,3,,1,0,
142,Masculino,48,Solteiro,2961.37,Premium,26,Não,Não,1,1,4,Problemas técnicos,0,0,
143,Feminino,28,Solteiro,1890.52,Intermediário+,25,Sim,Sim,0,1,4,,0,0,
144,Feminino,33,Casado,3875.34,Intermediário,65,Não,Não,0,1,5,,0,0,
145,Feminino,25,Solteiro,1742.92,Básico+,6,Sim,Sim,0,0,3,,0,0,
146,Masculino,21,Casado,5140.08,Básico,23,Sim,Não,0,2,0,,0,1,
147,Masculino,57,Solteiro,4123.66,Básico,64,Não,Não,1,3,4,Concorrência,0,0,
148,Masculino,21,Solteiro,1813.67,Básico,43,Sim,Não,0,1,5,,0,2,
149,Masculino,42,Solteiro,3536.19,Básico,23,Sim,Não,0,2,2,,0,0,
150,Feminino,20,Solteiro,2871.77,Intermediário+,30,Sim,Sim,0,2,1,,0,0,
151,Masculino,49,Solteiro,4478.76,Premium,18,Sim,Não,0,1,5,,1,0,
152,Masculino,20,Solteiro,6010.68,Premium+,21,Sim,Sim,1,1,5,Atendimento ruim,0,0,
153,Masculino,44,Casado,1187.24,Intermediário,57,Sim,Não,0,1,0,,0,0,
154,Masculino,46,Solteiro,4172.54,Básico,23,Não,Não,1,2,1,Concorrência,0,0,
155,Masculino,49,Casado,3759.8,Premium,45,Sim,Não,0,1,1,,0,0,
156,Feminino,67,Casado,5007.01,Premium,44,Não,Não,0,1,2,,0,0,
157,Masculino,68,Casado,4319.79,Básico+,47,Não,Sim,0,0,4,,0,0,
158,Feminino,36,Solteiro,2872.05,Intermediário,40,Sim,Não,0,2,3,,0,0,
159,Masculino,38,Solteiro,3521.42,Básico+,51,Sim,Sim,0,2,0,,0,0,
160,Feminino,22,Solteiro,2805.96,Premium,42,Não,Não,0,0,3,,0,0,
161,Masculino,35,Solteiro,5614.01,Premium+,7,Não,Sim,1,1,4,Problemas técnicos,0,0,
162,Masculino,45,Divorciado,4031.97,Básico+,50,Sim,Sim,1,3,3,Problemas técnicos,0,1,
163,Feminino,59,Solteiro,6851.79,Premium,48,Sim,Não,0,0,3,,0,1,
164,Feminino,39,Solteiro,3909.01,Intermediário,6,Sim,Não,1,2,5,Problemas técnicos,0,0,
165,Feminino,38,Casado,2937.39,Premium+,9,Sim,Sim,0,0,3,,0,0,
166,Masculino,23,Casado,1729.43,Básico+,57,Sim,Sim,0,2,5,,0,1,
167,Feminino,18,Casado,1295.29,Premium,31,Sim,Não,0,2,5,,0,0,
168,Masculino,22,Solteiro,1623.8,Básico+,21,Sim,Sim,1,0,2,Atendimento ruim,0,0,
169,Masculino,58,Solteiro,4400.69,Básico+,40,Sim,Sim,0,0,5,,0,1,
170,Feminino,29,Casado,4763.09,Básico,45,Sim,Não,0,0,4,,1,0,
171,Feminino,43,Solteiro,1628.21,Premium+,49,Sim,Sim,0,1,4,,1,0,
172,Masculino,63,Solteiro,5342.56,Premium,20,Sim,Não,0,3,4,,1,0,
173,Masculino,51,Solteiro,3275.41,Premium,17,Sim,Não,0,1,5,,0,0,
174,Feminino,66,Solteiro,4220.19,Premium,28,Sim,Não,0,0,0,,0,1,
175,Feminino,31,Solteiro,6418.33,Básico,41,Sim,Não,0,1,5,,0,0,
176,Feminino,43,Solteiro,5345.26,Básico,66,Sim,Não,0,1,1,,0,0,
177,Masculino,62,Casado,3597.2,Básico+,25,Não,Sim,0,1,1,,0,0,
178,Masculino,44,Casado,2663.21,Básico+,58,Sim,Sim,0,0,5,,0,0,
179,Masculino,26,Casado,772.28,Básico,41,Sim,Não,0,1,3,,1,0,
180,Masculino,43,Solteiro,2921.27,Básico+,6,Sim,Sim,1,0,5,Preço alto,0,0,
181,Masculino,64,Solteiro,3683.3,Básico,38,Não,Não,0,3,5,,1,1,
182,Masculino,39,Solteiro,2519.23,Básico,6,Sim,Não,1,0,5,Problemas técnicos,0,0,
183,Feminino,64,Casado,3803.11,Básico+,45,Sim,Sim,0,1,1,,0,0,
184,Masculino,47,Casado,4115.28,Básico,14,Sim,Não,0,2,5,,0,0,
185,Masculino,60,Solteiro,3662.72,Premium,66,Sim,Não,0,0,1,,0,0,
186,Masculino,65,Divorciado,3025.0,Intermediário,40,Sim,Não,0,2,5,,1,1,
187,Feminino,34,Solteiro,4252.98,Premium,3,Sim,Não,0,1,5,,0,0,
188,Masculino,43,Casado,4662.91,Básico,24,Sim,Não,0,0,3,,0,0,
189,Masculino,53,Casado,2364.4,Básico,19,Sim,Não,1,2,5,Preço alto,1,0,
190,Feminino,18,Casado,6116.4,Intermediário,18,Sim,Não,1,1,3,Concorrência,0,0,
191,Masculino,25,Casado,3852.12,Básico,64,Sim,Não,0,0,5,,2,0,
192,Masculino,66,Casado,4028.27,Básico+,35,Não,Sim,0,1,0,,0,0,
193,Masculino,52,Solteiro,5062.32,Básico+,62,Sim,Sim,0,0,1,,0,0,
194,Masculino,69,Casado,4349.82,Básico,1,Não,Não,1,3,1,Preço alto,0,1,
195,Masculino,32,Solteiro,5429.7,Básico+,25,Sim,Sim,1,1,4,Concorrência,0,0,
196,Feminino,64,Casado,4430.69,Básico+,45,Sim,Sim,0,2,2,,0,1,
197,Feminino,39,Casado,3081.34,Intermediário,49,Sim,Não,0,3,3,,0,0,
198,Feminino,31,Casado,4542.26,Básico+,16,Não,Sim,0,3,0,,1,0,
199,Masculino,43,Solteiro,2284.41,Básico,19,Sim,Não,1,5,4,Problemas técnicos,1,0,
200,Masculino,45,Casado,4162.84,Premium,23,Sim,Não,1,4,1,Atendimento ruim,0,0,
201,Masculino,40,Casado,3950.16,Básico,25,Sim,Não,1,3,4,Problemas técnicos,0,0,
202,Feminino,31,Casado,3687.82,Básico,16,Sim,Não,1,0,5,Problemas técnicos,0,0,
203,Masculino,41,Solteiro,3807.19,Premium+,54,Sim,Sim,0,0,2,,0,0,
204,Masculino,19,Solteiro,1177.23,Básico,1,Sim,Não,1,5,1,Atendimento ruim,0,1,
205,Feminino,62,Solteiro,3176.91,Básico,42,Sim,Não,0,0,5,,0,0,
206,Masculino,43,Solteiro,4139.27,Básico,19,Sim,Não,1,0,4,Atendimento ruim,0,0,
207,Feminino,31,Casado,4239.78,Básico,34,Sim,Não,0,1,3,,0,1,
208,Feminino,68,Solteiro,2458.49,Intermediário+,55,Sim,Sim,0,0,3,,2,0,
209,Feminino,24,Divorciado,5898.56,Premium,18,Sim,Não,1,0,3,Problemas técnicos,0,0,
210,Masculino,20,Solteiro,2700.74,Básico+,34,Sim,Sim,1,0,1,Concorrência,0,0,
211,Masculino,64,Solteiro,5454.19,Intermediário,45,Sim,Não,0,0,3,,0,0,
212,Masculino,40,Casado,4640.79,Intermediário,6,Sim,Não,0,0,4,,0,0,
213,Masculino,63,Casado,3030.66,Básico+,21,Não,Sim,1,3,5,Problemas técnicos,0,1,
214,Masculino,60,Solteiro,6662.97,Intermediário+,70,Não,Sim,0,1,4,,0,0,
215,Masculino,64,Casado,2209.54,Básico+,48,Não,Sim,0,1,4,,1,0,
216,Masculino,62,Casado,5378.73,Básico,39,Sim,Não,0,0,0,,0,0,
217,Feminino,35,Solteiro,5500.87,Básico,31,Sim,Não,1,1,2,Concorrência,0,0,
218,Masculino,55,Divorciado,2994.07,Básico+,10,Sim,Sim,1,3,3,Problemas técnicos,2,0,
219,Feminino,52,Divorciado,6088.7,Básico,30,Sim,Não,0,1,5,,1,0,
220,Masculino,68,Casado,3624.93,Premium+,18,Sim,Sim,0,0,1,,0,0,
221,Masculino,32,Solteiro,4433.04,Básico,60,Sim,Não,1,3,4,Concorrência,0,0,
222,Masculino,42,Casado,4390.48,Básico+,15,Não,Sim,0,0,3,,0,0,
223,Feminino,54,Solteiro,3798.54,Básico,4,Não,Não,1,0,1,Problemas técnicos,0,0,
224,Feminino,45,Solteiro,5216.21,Intermediário,63,Sim,Não,0,2,0,,0,0,
225,Feminino,27,Solteiro,5190.23,Intermediário,40,Sim,Não,1,1,3,Preço alto,0,0,
226,Feminino,56,Solteiro,1377.2,Intermediário,9,Sim,Não,0,1,2,,0,0,
227,Masculino,34,Casado,5956.51,Intermediário,9,Sim,Não,1,6,5,Problemas técnicos,0,1,
228,Feminino,56,Casado,1506.26,Premium,26,Sim,Não,0,0,5,,0,0,
229,Masculino,39,Casado,5548.82,Básico,4,Sim,Não,1,5,4,Problemas técnicos,0,0,
230,Masculino,43,Solteiro,5690.06,Intermediário,16,Sim,Não,0,0,4,,0,0,
231,Feminino,61,Solteiro,2363.55,Premium,15,Sim,Não,1,4,4,Concorrência,0,0,
232,Feminino,42,Solteiro,3383.78,Premium+,52,Sim,Sim,0,0,4,,0,1,
233,Feminino,34,Divorciado,2341.44,Premium,69,Sim,Não,1,2,0,Problemas técnicos,0,0,
234,Feminino,30,Solteiro,3677.62,Básico+,5,Sim,Sim,1,2,4,Atendimento ruim,0,1,
235,Feminino,37,Casado,3537.95,Básico,20,Não,Não,1,0,5,Problemas técnicos,0,0,
236,Feminino,42,Casado,5169.49,Básico,18,Sim,Não,1,3,5,Problemas técnicos,0,0,
237,Feminino,21,Solteiro,5965.46,Intermediário,2,Sim,Não,0,2,2,,0,1,
238,Feminino,27,Casado,6093.53,Básico+,13,Sim,Sim,1,0,0,Problemas técnicos,1,0,
239,Masculino,20,Solteiro,3156.75,Básico+,4,Sim,Sim,1,3,5,Problemas técnicos,1,0,
240,Feminino,58,Casado,3686.17,Premium,42,Não,Não,0,0,0,,0,0,
241,Feminino,62,Divorciado,1474.84,Básico,61,Sim,Não,0,2,2,,0,1,
242,Masculino,35,Solteiro,2791.19,Premium+,8,Sim,Sim,1,6,3,Preço alto,0,1,
243,Feminino,64,Solteiro,5447.28,Básico,67,Sim,Não,0,1,4,,0,0,
244,Masculino,53,Casado,6423.37,Básico,63,Não,Não,1,1,4,Concorrência,0,1,
245,Masculino,64,Divorciado,2148.48,Básico,9,Sim,Não,1,0,3,Concorrência,2,0,
246,Feminino,39,Solteiro,3111.3,Intermediário+,11,Sim,Sim,0,1,5,,0,0,
247,Masculino,51,Casado,3960.39,Básico,42,Sim,Não,0,0,1,,0,0,
248,Masculino,64,Casado,4420.24,Básico+,13,Sim,Sim,0,0,4,,1,0,
249,Masculino,25,Casado,2785.59,Premium,36,Sim,Não,1,6,5,Problemas técnicos,1,0,
250,Masculino,57,Solteiro,4636.09,Básico+,13,Sim,Sim,1,5,1,Problemas técnicos,1,0,
251,Feminino,66,Casado,3289.24,Intermediário+,12,Sim,Sim,0,1,4,,0,0,
252,Masculino,61,Divorciado,3978.32,Intermediário+,37,Não,Sim,1,1,2,Concorrência,0,0,
253,Feminino,36,Solteiro,4819.43,Básico+,52,Sim,Sim,0,0,4,,0,0,
254,Masculino,59,Solteiro,4009.63,Intermediário,71,Sim,Não,0,0,1,,0,0,
255,Masculino,58,Divorciado,3345.42,Básico+,2,Sim,Sim,1,0,5,Problemas técnicos,0,0,
256,Masculino,54,Solteiro,3835.59,Intermediário+,56,Sim,Sim,0,0,0,,0,0,
257,Masculino,23,Casado,3867.46,Básico,60,Sim,Não,0,0,1,,1,0,
258,Feminino,69,Solteiro,3444.98,Intermediário+,23,Sim,Sim,0,0,0,,0,0,
259,Feminino,43,Solteiro,3611.81,Básico+,40,Sim,Sim,0,0,1,,0,1,
260,Masculino,51,Casado,6397.97,Intermediário,64,Sim,Não,1,0,0,Atendimento ruim,0,0,
261,Masculino,62,Solteiro,4841.38,Básico,23,Sim,Não,0,0,5,,0,0,
262,Feminino,23,Casado,3556.78,Básico,29,Sim,Não,0,1,0,,0,1,
263,Masculino,54,Solteiro,5045.43,Básico,51,Sim,Não,0,0,5,,0,0,
264,Masculino,50,Casado,3499.27,Básico,69,Sim,Não,1,2,5,Problemas técnicos,0,2,
265,Masculino,39,Solteiro,5759.69,Premium+,31,Sim,Sim,1,5,2,Preço alto,1,0,
266,Feminino,38,Solteiro,4554.46,Básico,50,Não,Não,1,3,2,Problemas técnicos,0,0,
267,Feminino,23,Divorciado,3839.05,Premium,20,Não,Não,0,0,5,,2,0,
268,Feminino,23,Solteiro,4671.58,Premium,55,Sim,Não,0,0,3,,0,0,
269,Masculino,65,Casado,1643.69,Intermediário,2,Sim,Não,1,1,0,Preço alto,0,0,
270,Masculino,21,Solteiro,2309.85,Básico+,25,Sim,Sim,1,1,5,Problemas técnicos,0,0,
271,Feminino,47,Casado,2209.11,Básico,13,Não,Não,1,4,5,Atendimento ruim,0,0,
272,Feminino,28,Solteiro,4214.41,Intermediário,70,Sim,Não,0,2,5,,0,1,
273,Feminino,47,Divorciado,6598.77,Básico,67,Sim,Não,1,5,2,Concorrência,0,0,
274,Feminino,48,Solteiro,7346.95,Básico+,58,Sim,Sim,0,0,5,,1,0,
275,Masculino,41,Solteiro,4957.08,Intermediário+,64,Não,Sim,0,0,1,,1,0,
276,Feminino,26,Solteiro,4751.27,Premium+,69,Sim,Sim,0,0,1,,0,0,
277,Masculino,20,Solteiro,1298.41,Intermediário,59,Sim,Não,0,0,4,,1,1,
278,Feminino,68,Casado,3185.99,Básico+,60,Sim,Sim,0,3,5,,0,0,
279,Masculino,48,Solteiro,2818.32,Intermediário+,62,Sim,Sim,0,0,3,,1,0,
280,Feminino,57,Casado,3068.73,Básico,16,Sim,Não,0,0,5,,0,0,
281,Feminino,54,Solteiro,3747.78,Básico+,68,Sim,Sim,0,1,3,,0,0,
282,Feminino,53,Solteiro,3291.86,Premium,15,Sim,Não,0,1,5,,1,1,
283,Feminino,41,Casado,1031.05,Básico+,55,Sim,Sim,0,1,3,,0,0,
284,Masculino,48,Casado,5121.87,Básico,35,Sim,Não,0,0,2,,1,0,
285,Feminino,23,Solteiro,2390.89,Básico,55,Sim,Não,0,0,4,,0,2,
286,Masculino,19,Solteiro,4358.87,Premium,14,Sim,Não,0,1,1,,0,1,
287,Masculino,37,Solteiro,7111.12,Intermediário,49,Sim,Não,0,0,0,,0,0,
288,Masculino,45,Casado,2620.92,Intermediário+,7,Sim,Sim,0,0,2,,0,0,
289,Masculino,28,Casado,204.57,Intermediário+,30,Sim,Sim,1,1,4,Preço alto,0,0,
290,Feminino,21,Solteiro,3570.99,Básico+,49,Sim,Sim,0,0,0,,1,0,
291,Masculino,32,Casado,5651.44,Básico,16,Sim,Não,0,0,4,,0,1,
292,Masculino,23,Casado,6937.52,Básico,51,Não,Não,0,0,4,,1,0,
293,Masculino,66,Casado,2155.68,Básico,42,Sim,Não,0,1,3,,1,0,
294,Feminino,47,Casado,4745.05,Básico,17,Sim,Não,1,1,3,Concorrência,0,0,
295,Feminino,55,Solteiro,3302.03,Premium+,63,Sim,Sim,0,2,3,,1,0,
296,Feminino,68,Solteiro,3841.08,Básico,45,Sim,Não,0,0,5,,2,0,
297,Feminino,19,Solteiro,7966.52,Básico,7,Não,Não,1,4,1,Concorrência,1,0,
298,Masculino,32,Solteiro,1745.54,Básico+,27,Não,Sim,1,1,5,Atendimento ruim,1,0,
299,Masculino,28,Casado,4380.61,Básico,10,Sim,Não,1,3,5,Preço alto,2,0,
300,Feminino,25,Divorciado,4701.54,Premium+,34,Sim,Sim,0,1,4,,0,0,
301,Masculino,43,Solteiro,5628.68,Básico,36,Sim,Não,1,0,0,Concorrência,0,0,
302,Masculino,68,Solteiro,4146.97,Básico,25,Sim,Não,0,2,4,,1,0,
303,Masculino,62,Solteiro,4462.08,Intermediário+,6,Sim,Sim,1,2,0,Problemas técnicos,0,0,
304,Feminino,61,Divorciado,3412.53,Básico,24,Sim,Não,1,3,3,Concorrência,0,0,
305,Feminino,22,Solteiro,4403.69,Básico+,18,Sim,Sim,1,3,2,Problemas técnicos,0,0,
306,Masculino,23,Casado,3485.21,Básico,6,Sim,Não,1,6,1,Problemas técnicos,1,0,
307,Feminino,43,Solteiro,4932.36,Intermediário,29,Não,Não,1,2,2,Preço alto,0,0,
308,Feminino,21,Solteiro,3445.58,Premium+,25,Sim,Sim,0,2,5,,1,0,
309,Feminino,36,Divorciado,4565.65,Intermediário,55,Não,Não,0,0,5,,0,1,
310,Feminino,37,Divorciado,3956.11,Básico,46,Sim,Não,0,2,4,,0,0,
311,Feminino,50,Solteiro,5689.08,Premium+,24,Sim,Sim,0,0,3,,0,0,
312,Masculino,37,Divorciado,3922.91,Básico+,26,Sim,Sim,0,2,5,,0,1,
313,Feminino,66,Casado,1340.45,Básico,28,Sim,Não,0,1,0,,0,0,
314,Masculino,29,Casado,5892.88,Básico,3,Sim,Não,0,2,3,,1,0,
315,Masculino,64,Solteiro,2641.4,Básico+,38,Sim,Sim,1,4,5,Problemas técnicos,1,0,
316,Feminino,18,Casado,3019.35,Intermediário+,61,Não,Sim,0,1,5,,0,1,
317,Masculino,43,Solteiro,3106.51,Intermediário+,51,Sim,Sim,0,1,4,,0,0,
318,Masculino,31,Casado,6061.66,Premium,48,Sim,Não,0,1,5,,1,0,
319,Masculino,55,Solteiro,796.49,Intermediário+,21,Não,Sim,0,0,2,,1,0,
320,Feminino,54,Solteiro,8706.62,Intermediário+,54,Sim,Sim,1,1,2,Preço alto,0,1,
321,Feminino,28,Solteiro,5584.09,Básico,56,Sim,Não,1,2,5,Atendimento ruim,0,0,
322,Masculino,53,Casado,4334.86,Básico,59,Sim,Não,0,0,4,,0,0,
323,Feminino,30,Solteiro,3917.66,Intermediário+,51,Não,Sim,1,3,5,Problemas técnicos,1,0,
324,Feminino,60,Casado,4428.33,Básico,20,Não,Não,1,1,0,Preço alto,0,0,
325,Feminino,20,Divorciado,4781.68,Premium,59,Não,Não,0,3,3,,0,0,
326,Feminino,50,Solteiro,4967.82,Básico+,71,Sim,Sim,0,0,3,,0,0,
327,Masculino,23,Casado,4833.41,Básico+,9,Não,Sim,1,2,2,Problemas técnicos,1,1,
328,Masculino,67,Solteiro,4134.37,Básico,1,Sim,Não,0,1,5,,0,0,
329,Feminino,27,Casado,3703.99,Básico+,29,Sim,Sim,0,1,3,,0,0,
330,Feminino,22,Solteiro,3773.09,Básico,63,Sim,Não,0,0,0,,0,0,
331,Masculino,40,Casado,3707.64,Intermediário,56,Sim,Não,0,1,2,,0,0,
332,Masculino,27,Casado,5700.66,Básico+,68,Não,Sim,1,4,0,Atendimento ruim,0,0,
333,Feminino,61,Divorciado,4890.34,Intermediário+,35,Não,Sim,1,0,3,Preço alto,1,0,
334,Masculino,19,Casado,410.58,Básico,3,Sim,Não,0,3,4,,1,0,
335,Feminino,30,Solteiro,4983.85,Básico,7,Sim,Não,0,3,4,,1,0,
336,Feminino,57,Casado,4292.1,Básico,27,Sim,Não,0,1,0,,1,0,
337,Masculino,19,Casado,3971.94,Premium,1,Não,Não,1,5,1,Problemas técnicos,0,1,
338,Masculino,37,Casado,3417.22,Básico+,71,Sim,Sim,0,1,5,,1,2,
339,Feminino,18,Solteiro,5686.17,Intermediário,44,Sim,Não,0,0,1,,0,0,
340,Feminino,54,Divorciado,5421.29,Básico,41,Sim,Não,0,0,1,,0,0,
341,Masculino,26,Casado,2840.68,Intermediário,42,Sim,Não,0,0,4,,2,0,
342,Feminino,34,Casado,4610.58,Básico+,33,Sim,Sim,1,2,5,Preço alto,0,1,
343,Masculino,26,Solteiro,2542.51,Intermediário+,50,Não,Sim,0,2,3,,0,0,
344,Feminino,28,Casado,1930.57,Intermediário,63,Sim,Não,0,1,4,,0,2,
345,Masculino,32,Solteiro,3059.92,Premium,37,Sim,Não,0,1,1,,0,0,
346,Masculino,41,Casado,5293.59,Básico+,59,Sim,Sim,1,3,1,Problemas técnicos,0,2,
347,Masculino,55,Solteiro,5429.69,Básico+,48,Sim,Sim,0,0,1,,1,1,
348,Feminino,52,Casado,4769.63,Básico,5,Não,Não,0,0,2,,2,1,
349,Feminino,47,Divorciado,5087.64,Premium,48,Sim,Não,0,3,1,,0,0,
350,Masculino,48,Solteiro,4774.27,Intermediário+,3,Sim,Sim,1,3,3,Concorrência,0,0,
351,Feminino,66,Divorciado,3037.78,Intermediário+,47,Sim,Sim,0,2,5,,0,0,
352,Masculino,22,Solteiro,4647.88,Básico+,62,Sim,Sim,0,1,5,,1,0,
353,Masculino,61,Casado,5200.61,Básico,14,Sim,Não,0,0,4,,0,0,
354,Feminino,67,Casado,5131.44,Básico,63,Sim,Não,0,1,5,,0,0,
355,Feminino,31,Casado,5783.37,Premium,61,Sim,Não,0,0,3,,0,0,
356,Masculino,28,Casado,5062.46,Intermediário,31,Sim,Não,0,2,1,,0,0,
357,Feminino,26,Casado,4527.17,Premium+,17,Sim,Sim,0,2,3,,0,0,
358,Feminino,51,Solteiro,5605.23,Básico,24,Sim,Não,1,2,3,Problemas técnicos,1,0,
359,Masculino,29,Solteiro,3960.22,Intermediário,23,Sim,Não,0,0,3,,0,2,
360,Masculino,52,Casado,2677.19,Intermediário+,50,Sim,Sim,0,1,4,,0,0,
361,Feminino,52,Casado,3755.4,Básico+,70,Não,Sim,0,2,0,,0,0,
362,Masculino,18,Casado,2882.65,Premium,27,Não,Não,0,0,5,,1,0,
363,Masculino,57,Casado,2987.23,Premium,15,Sim,Não,0,1,3,,0,1,
364,Feminino,39,Solteiro,3783.22,Premium+,50,Sim,Sim,0,1,4,,0,0,
365,Masculino,46,Casado,2811.37,Intermediário,36,Sim,Não,0,1,0,,0,0,
366,Masculino,25,Solteiro,3538.06,Básico,8,Sim,Não,1,1,5,Preço alto,0,0,
367,Feminino,28,Casado,1159.58,Básico+,3,Não,Sim,0,1,4,,1,0,
368,Feminino,58,Solteiro,4319.94,Premium+,62,Sim,Sim,0,2,5,,0,0,
369,Masculino,54,Solteiro,4001.81,Básico+,47,Sim,Sim,0,0,0,,2,1,
370,Masculino,31,Solteiro,2774.37,Intermediário,61,Não,Não,0,0,3,,0,2,
371,Feminino,47,Solteiro,4988.87,Intermediário+,32,Não,Sim,0,3,2,,1,0,
372,Feminino,52,Casado,5406.36,Intermediário+,13,Sim,Sim,1,0,3,Concorrência,0,0,
373,Feminino,38,Solteiro,1588.66,Premium,1,Sim,Não,1,0,5,Problemas técnicos,1,0,
374,Feminino,54,Solteiro,2855.91,Básico,34,Sim,Não,0,0,4,,0,0,
375,Masculino,22,Solteiro,2846.29,Básico+,62,Sim,Sim,1,0,5,Concorrência,0,0,
376,Feminino,36,Solteiro,2590.15,Básico,71,Não,Não,0,2,5,,1,0,
377,Feminino,31,Solteiro,5244.21,Básico,31,Não,Não,0,0,3,,0,2,
378,Masculino,43,Solteiro,3709.26,Básico,64,Sim,Não,0,1,5,,0,1,
379,Feminino,21,Casado,3603.23,Básico,25,Sim,Não,0,0,4,,0,0,
380,Masculino,42,Casado,994.21,Premium+,38,Não,Sim,0,1,3,,0,0,
381,Feminino,62,Casado,4953.13,Premium,14,Sim,Não,1,0,5,Preço alto,0,0,
382,Feminino,59,Solteiro,2141.11,Básico,8,Sim,Não,1,3,5,Problemas técnicos,0,0,
383,Feminino,42,Solteiro,4089.9,Básico,54,Sim,Não,1,3,0,Concorrência,0,0,
384,Masculino,35,Casado,4416.07,Premium,2,Sim,Não,1,5,0,Concorrência,1,0,
385,Masculino,57,Casado,6040.99,Básico,56,Sim,Não,0,1,2,,0,1,
386,Feminino,25,Solteiro,2036.77,Básico+,61,Sim,Sim,0,0,4,,1,0,
387,Masculino,56,Solteiro,529.27,Básico,22,Sim,Não,0,1,5,,2,0,
388,Masculino,57,Solteiro,4275.77,Intermediário,35,Sim,Não,1,0,3,Problemas técnicos,0,0,
389,Masculino,31,Solteiro,6700.77,Básico,16,Sim,Não,0,3,5,,0,0,
390,Masculino,49,Solteiro,5858.42,Premium+,50,Sim,Sim,0,0,2,,0,0,
391,Masculino,68,Casado,4314.49,Básico,43,Sim,Não,0,0,4,,0,0,
392,Masculino,55,Casado,3262.55,Intermediário,17,Não,Não,0,0,0,,1,0,
393,Feminino,50,Casado,5210.68,Básico+,58,Sim,Sim,0,0,4,,0,0,
394,Feminino,40,Casado,2539.68,Básico,2,Sim,Não,1,4,0,Problemas técnicos,0,0,
395,Masculino,32,Casado,4714.54,Intermediário,4,Sim,Não,0,0,4,,0,1,
396,Feminino,50,Casado,4758.21,Intermediário,39,Não,Não,0,2,3,,0,0,
397,Feminino,42,Divorciado,5590.31,Intermediário,6,Sim,Não,0,0,3,,0,0,
398,Feminino,34,Solteiro,8139.49,Intermediário,69,Sim,Não,0,0,1,,0,0,
399,Feminino,50,Solteiro,4588.62,Premium+,69,Sim,Sim,0,1,2,,2,0,
400,Masculino,64,Solteiro,3236.55,Premium,20,Sim,Não,1,4,2,Problemas técnicos,0,0,
401,Feminino,19,Casado,3961.64,Intermediário,64,Sim,Não,0,0,3,,0,2,
402,Feminino,31,Casado,1346.39,Básico,16,Sim,Não,1,5,3,Problemas técnicos,1,1,
403,Masculino,57,Solteiro,2957.93,Básico,51,Sim,Não,0,0,1,,0,0,
404,Masculino,57,Divorciado,3386.08,Básico,37,Sim,Não,0,1,4,,1,0,
405,Feminino,68,Solteiro,3213.87,Intermediário+,69,Sim,Sim,0,1,1,,2,0,
406,Feminino,56,Divorciado,4228.53,Básico,42,Sim,Não,0,0,5,,1,0,
407,Feminino,68,Solteiro,2766.37,Básico+,57,Sim,Sim,0,2,1,,1,0,
408,Feminino,23,Solteiro,5681.55,Premium+,66,Sim,Sim,0,2,1,,0,0,
409,Feminino,23,Solteiro,4000.31,Premium+,9,Sim,Sim,1,5,4,Concorrência,1,0,
410,Feminino,20,Solteiro,3986.05,Premium,64,Sim,Não,0,2,5,,0,0,
411,Masculino,24,Solteiro,3508.16,Básico+,22,Sim,Sim,1,1,3,Problemas técnicos,1,0,
412,Feminino,68,Solteiro,4232.79,Intermediário+,34,Não,Sim,0,0,1,,1,1,
413,Feminino,25,Casado,5237.65,Básico+,55,Não,Sim,0,0,3,,2,0,
414,Masculino,59,Casado,2699.3,Básico+,29,Sim,Sim,1,2,0,Preço alto,1,0,
415,Masculino,69,Solteiro,3012.83,Básico,38,Sim,Não,0,1,3,,0,0,
416,Masculino,32,Casado,3544.41,Básico,18,Sim,Não,0,2,3,,2,0,
417,Masculino,64,Casado,1981.19,Básico+,71,Não,Sim,1,1,5,Problemas técnicos,0,0,
418,Feminino,46,Solteiro,2771.11,Premium,65,Sim,Não,0,0,4,,1,0,
419,Feminino,50,Solteiro,3285.67,Básico,1,Sim,Não,1,3,0,Atendimento ruim,0,1,
420,Feminino,69,Solteiro,5311.58,Intermediário,4,Sim,Não,0,2,2,,0,0,
421,Feminino,47,Solteiro,4393.84,Intermediário+,4,Sim,Sim,1,4,5,Preço alto,0,0,
422,Feminino,56,Casado,4290.38,Básico,27,Não,Não,0,1,2,,0,0,
423,Feminino,44,Solteiro,5276.35,Básico+,43,Sim,Sim,1,0,5,Problemas técnicos,1,0,
424,Masculino,53,Casado,3793.94,Básico+,59,Sim,Sim,0,0,1,,0,0,
425,Feminino,46,Casado,4585.7,Intermediário+,32,Não,Sim,1,0,1,Concorrência,0,1,
426,Masculino,55,Solteiro,3845.17,Básico,33,Sim,Não,0,3,3,,0,0,
427,Masculino,50,Casado,4398.04,Básico+,28,Sim,Sim,1,2,1,Problemas técnicos,1,0,
428,Feminino,54,Solteiro,3125.86,Básico+,55,Sim,Sim,0,3,0,,0,0,
429,Masculino,44,Divorciado,341.77,Intermediário+,60,Não,Sim,0,1,4,,0,0,
430,Feminino,50,Solteiro,3798.58,Premium,70,Sim,Não,0,2,2,,0,1,
431,Masculino,21,Casado,6134.12,Básico,62,Sim,Não,1,0,5,Problemas técnicos,0,2,
432,Feminino,39,Casado,5389.32,Intermediário+,34,Sim,Sim,1,4,1,Atendimento ruim,0,0,
433,Masculino,19,Solteiro,5448.1,Intermediário,56,Sim,Não,0,0,0,,0,0,
434,Feminino,27,Casado,5854.2,Premium,13,Sim,Não,0,1,3,,0,0,
435,Feminino,22,Divorciado,4132.99,Premium,56,Sim,Não,1,0,5,Problemas técnicos,1,0,
436,Feminino,27,Casado,4295.97,Intermediário+,18,Sim,Sim,0,0,5,,1,1,
437,Feminino,50,Casado,3073.52,Intermediário,54,Não,Não,0,0,4,,0,0,
438,Feminino,55,Casado,3525.89,Premium+,43,Sim,Sim,0,1,5,,2,0,
439,Masculino,30,Solteiro,4923.66,Básico,39,Sim,Não,0,0,5,,0,0,
440,Masculino,48,Solteiro,5805.83,Básico+,61,Sim,Sim,1,0,3,Problemas técnicos,0,1,
441,Masculino,64,Casado,3790.83,Básico+,42,Sim,Sim,0,3,3,,0,0,
442,Feminino,53,Solteiro,3324.72,Premium+,18,Não,Sim,0,0,4,,0,0,
443,Masculino,62,Casado,4000.79,Premium,23,Sim,Não,0,1,2,,0,0,
444,Feminino,41,Divorciado,4901.81,Básico+,54,Sim,Sim,1,1,1,Problemas técnicos,0,1,
445,Feminino,69,Solteiro,1834.22,Intermediário,30,Sim,Não,0,2,1,,0,0,
446,Masculino,32,Solteiro,555.73,Básico+,58,Sim,Sim,1,5,1,Problemas técnicos,1,0,
447,Masculino,46,Casado,3174.19,Básico,68,Sim,Não,0,1,0,,0,0,
448,Feminino,25,Solteiro,2168.93,Premium,67,Sim,Não,0,2,1,,0,0,
449,Masculino,22,Casado,3237.79,Básico,71,Sim,Não,1,1,0,Problemas técnicos,0,0,
450,Feminino,46,Solteiro,3778.33,Básico,18,Sim,Não,0,1,3,,0,2,
451,Feminino,64,Casado,3320.13,Intermediário,7,Sim,Não,0,0,5,,0,0,
452,Feminino,21,Solteiro,6178.7,Intermediário+,40,Sim,Sim,0,1,5,,0,0,
453,Feminino,29,Casado,4490.12,Básico,70,Não,Não,0,2,3,,1,0,
454,Feminino,62,Solteiro,4450.71,Intermediário+,65,Sim,Sim,0,1,5,,0,0,
455,Masculino,19,Casado,4933.31,Intermediário,68,Sim,Não,1,0,5,Problemas técnicos,0,1,
456,Masculino,44,Solteiro,2291.75,Básico,49,Sim,Não,1,2,5,Preço alto,0,0,
457,Feminino,48,Casado,5558.67,Básico+,52,Sim,Sim,0,1,5,,0,0,
458,Feminino,68,Casado,3886.35,Intermediário+,29,Sim,Sim,0,1,3,,0,0,
459,Masculino,68,Solteiro,5005.72,Básico,21,Não,Não,1,0,5,Atendimento ruim,0,0,
460,Masculino,53,Solteiro,2392.21,Premium,9,Sim,Não,0,1,0,,0,0,
461,Feminino,53,Solteiro,1669.36,Premium,47,Não,Não,0,0,5,,0,0,
462,Masculino,43,Casado,5226.83,Premium,42,Sim,Não,0,1,5,,0,0,
463,Feminino,60,Casado,4564.61,Básico,51,Sim,Não,0,0,4,,0,0,
464,Masculino,44,Casado,2646.92,Premium,56,Não,Não,1,2,4,Preço alto,0,0,
465,Feminino,22,Solteiro,2695.51,Básico+,51,Sim,Sim,0,3,5,,0,0,
466,Masculino,37,Solteiro,5688.15,Básico+,70,Não,Sim,0,0,5,,0,2,
467,Feminino,28,Casado,2215.88,Básico,20,Sim,Não,0,3,2,,0,0,
468,Masculino,27,Solteiro,6464.01,Básico,27,Não,Não,1,5,5,Problemas técnicos,0,0,
469,Masculino,57,Divorciado,2649.07,Intermediário,38,Sim,Não,0,2,3,,0,0,
470,Feminino,55,Solteiro,4957.59,Básico,65,Sim,Não,1,6,3,Problemas técnicos,0,0,
471,Masculino,23,Casado,3507.07,Básico+,54,Sim,Sim,0,1,2,,0,0,
472,Feminino,25,Solteiro,4904.78,Intermediário,24,Sim,Não,1,6,1,Problemas técnicos,1,0,
473,Masculino,40,Solteiro,3183.83,Básico+,47,Sim,Sim,0,2,4,,0,0,
474,Feminino,64,Casado,3755.81,Intermediário+,71,Sim,Sim,1,5,0,Problemas técnicos,1,1,
475,Masculino,43,Casado,4061.38,Básico,63,Sim,Não,0,0,0,,0,0,
476,Feminino,63,Divorciado,2496.72,Premium+,57,Sim,Sim,1,6,3,Concorrência,0,0,
477,Masculino,60,Solteiro,5111.24,Premium,55,Sim,Não,0,2,0,,0,0,
478,Feminino,29,Solteiro,3230.18,Básico,60,Sim,Não,1,2,5,Problemas técnicos,0,0,
479,Masculino,43,Casado,3657.1,Básico,62,Sim,Não,1,6,5,Concorrência,0,0,
480,Feminino,30,Casado,2508.48,Básico+,30,Sim,Sim,0,0,5,,0,0,
481,Feminino,57,Solteiro,156.5,Premium+,22,Sim,Sim,0,2,5,,0,0,
482,Feminino,35,Solteiro,3713.46,Básico+,29,Sim,Sim,0,0,2,,0,2,
483,Masculino,42,Solteiro,7618.92,Básico,41,Sim,Não,1,2,3,Concorrência,1,0,
484,Feminino,50,Casado,5176.91,Básico,42,Não,Não,0,0,0,,1,0,
485,Masculino,64,Solteiro,3971.11,Básico,65,Não,Não,0,0,4,,0,1,
486,Feminino,57,Solteiro,3605.66,Básico+,31,Sim,Sim,0,0,2,,0,0,
487,Masculino,60,Solteiro,4033.7,Premium,30,Sim,Não,0,0,5,,0,0,
488,Feminino,29,Solteiro,4820.68,Básico+,18,Sim,Sim,1,1,5,Problemas técnicos,0,1,
489,Masculino,61,Solteiro,2228.78,Básico+,17,Sim,Sim,0,0,1,,0,0,
490,Masculino,53,Casado,5671.48,Premium,38,Sim,Não,0,0,1,,2,1,
491,Feminino,65,Solteiro,5073.07,Premium,14,Sim,Não,1,2,4,Problemas técnicos,0,0,
492,Masculino,21,Casado,5077.28,Básico+,56,Sim,Sim,0,0,4,,0,0,
493,Masculino,22,Solteiro,4657.71,Básico+,22,Sim,Sim,1,1,3,Concorrência,0,1,
494,Feminino,54,Casado,4029.42,Básico,67,Sim,Não,0,0,5,,1,0,
495,Masculino,25,Casado,5009.29,Premium+,56,Não,Sim,0,1,1,,0,0,
496,Masculino,59,Casado,4887.72,Básico+,19,Sim,Sim,0,1,5,,0,0,
497,Masculino,66,Casado,3468.94,Premium,57,Não,Não,0,1,5,,2,2,
498,Feminino,45,Solteiro,3139.6,Intermediário,44,Não,Não,0,0,0,,0,1,
499,Masculino,48,Solteiro,4152.78,Intermediário,35,Sim,Não,0,0,4,,1,0,
500,Feminino,26,Casado,6323.53,Básico,1,Sim,Não,1,6,5,Atendimento ruim,0,0,
501,Masculino,68,Divorciado,2141.34,Básico,52,Sim,Não,0,1,3,,1,1,
502,Masculino,46,Casado,1798.71,Básico+,70,Não,Sim,1,2,2,Preço alto,0,0,
503,Masculino,31,Casado,4247.14,Básico,37,Não,Não,0,0,4,,0,0,
504,Feminino,57,Casado,4076.33,Intermediário,65,Sim,Não,0,0,5,,1,0,
505,Masculino,58,Solteiro,4260.01,Premium+,51,Sim,Sim,0,0,3,,0,0,
506,Masculino,39,Solteiro,4365.93,Intermediário,1,Sim,Não,1,0,2,Concorrência,0,0,
507,Feminino,28,Casado,3665.2,Intermediário+,21,Sim,Sim,0,1,5,,0,0,
508,Masculino,40,Divorciado,6234.8,Básico+,53,Sim,Sim,0,1,4,,0,0,
509,Feminino,18,Solteiro,1598.64,Básico+,16,Não,Sim,1,5,2,Problemas técnicos,0,1,
510,Feminino,63,Casado,2757.25,Básico,61,Sim,Não,1,3,3,Problemas técnicos,0,0,
511,Masculino,54,Solteiro,3845.12,Intermediário,54,Sim,Não,0,2,4,,0,0,
512,Feminino,38,Casado,1535.22,Premium,40,Sim,Não,1,2,3,Problemas técnicos,0,0,
513,Masculino,43,Solteiro,3736.22,Intermediário,26,Sim,Não,1,5,5,Problemas técnicos,0,0,
514,Feminino,63,Solteiro,6492.21,Básico+,65,Sim,Sim,0,0,3,,0,0,
515,Feminino,53,Casado,4031.33,Básico+,64,Sim,Sim,0,0,2,,1,0,
516,Masculino,40,Solteiro,4346.05,Intermediário+,43,Não,Sim,0,0,4,,1,0,
517,Feminino,18,Casado,2109.75,Básico+,17,Não,Sim,1,1,2,Problemas técnicos,1,1,
518,Feminino,68,Casado,3075.46,Premium+,59,Sim,Sim,0,2,4,,0,0,
519,Feminino,57,Divorciado,3437.21,Premium,23,Não,Não,1,6,3,Problemas técnicos,0,0,
520,Feminino,32,Solteiro,3523.43,Intermediário,7,Sim,Não,1,0,1,Concorrência,0,0,
521,Feminino,38,Solteiro,5922.47,Básico,44,Sim,Não,0,0,2,,0,1,
522,Masculino,64,Solteiro,4836.54,Básico+,53,Sim,Sim,0,2,0,,0,0,
523,Feminino,26,Divorciado,2332.81,Básico,71,Sim,Não,0,0,1,,0,0,
524,Masculino,26,Divorciado,4369.76,Básico+,34,Não,Sim,1,4,5,Problemas técnicos,0,0,
525,Feminino,27,Casado,4747.33,Básico+,46,Sim,Sim,0,0,1,,1,0,
526,Masculino,69,Casado,5710.22,Intermediário,68,Sim,Não,0,0,5,,0,0,
527,Masculino,43,Casado,6370.81,Intermediário,16,Sim,Não,0,0,1,,0,0,
528,Feminino,58,Casado,2477.36,Básico+,71,Sim,Sim,0,0,4,,0,1,
529,Feminino,52,Solteiro,2783.71,Básico,19,Sim,Não,1,0,1,Atendimento ruim,0,2,
530,Feminino,69,Casado,2113.63,Básico+,2,Sim,Sim,1,5,3,Preço alto,1,0,
531,Masculino,42,Solteiro,3648.97,Básico,10,Sim,Não,1,4,4,Concorrência,0,1,
532,Feminino,43,Casado,4699.54,Premium,50,Sim,Não,0,1,3,,0,0,
533,Masculino,28,Casado,5481.0,Básico,12,Não,Não,0,1,5,,0,0,
534,Masculino,55,Casado,3886.07,Básico+,70,Sim,Sim,0,0,3,,0,0,
535,Masculino,19,Solteiro,3520.23,Básico+,22,Sim,Sim,0,0,4,,0,0,
536,Feminino,24,Solteiro,4227.64,Premium,32,Sim,Não,0,0,3,,1,1,
537,Feminino,35,Solteiro,2747.29,Intermediário,1,Sim,Não,1,4,5,Problemas técnicos,1,0,
538,Masculino,44,Solteiro,7134.31,Básico+,54,Sim,Sim,0,1,0,,1,0,
539,Masculino,51,Solteiro,1588.51,Intermediário,58,Sim,Não,1,2,4,Atendimento ruim,0,0,
540,Feminino,44,Divorciado,4277.11,Intermediário,70,Não,Não,0,1,5,,1,0,
541,Masculino,34,Casado,7035.41,Premium,18,Sim,Não,0,1,1,,0,0,
542,Feminino,60,Solteiro,4010.2,Básico,6,Não,Não,0,0,3,,0,0,
543,Masculino,61,Solteiro,3714.94,Premium,45,Não,Não,0,1,5,,0,0,
544,Feminino,68,Solteiro,3463.83,Premium,23,Sim,Não,0,0,1,,0,1,
545,Masculino,41,Casado,3729.41,Premium,23,Sim,Não,0,3,4,,0,1,
546,Feminino,42,Casado,6059.27,Intermediário+,26,Sim,Sim,0,0,4,,1,0,
547,Masculino,24,Divorciado,682.21,Intermediário+,7,Não,Sim,1,0,4,Atendimento ruim,0,1,
548,Feminino,69,Solteiro,6300.15,Básico+,44,Não,Sim,1,3,5,Atendimento ruim,0,0,
549,Feminino,23,Divorciado,1864.06,Intermediário,27,Sim,Não,1,2,4,Problemas técnicos,0,0,
550,Masculino,41,Casado,3600.02,Intermediário+,26,Sim,Sim,0,1,0,,1,0,
551,Masculino,50,Solteiro,3356.13,Intermediário,36,Sim,Não,1,2,4,Preço alto,2,0,
552,Feminino,66,Divorciado,4882.83,Básico+,55,Não,Sim,0,1,1,,1,0,
553,Masculino,46,Solteiro,1602.81,Intermediário+,64,Não,Sim,0,2,5,,0,0,
554,Feminino,60,Casado,4693.26,Premium,57,Sim,Não,0,2,1,,0,0,
555,Masculino,39,Solteiro,7036.46,Básico+,69,Sim,Sim,0,0,3,,0,0,
556,Feminino,43,Casado,1955.24,Premium+,61,Sim,Sim,0,0,2,,0,0,
557,Feminino,45,Casado,4284.56,Intermediário+,2,Sim,Sim,1,0,1,Problemas técnicos,0,0,
558,Feminino,67,Casado,3007.03,Premium,55,Não,Não,0,0,4,,0,0,
559,Feminino,38,Casado,4638.83,Básico,38,Sim,Não,0,2,5,,0,0,
560,Feminino,66,Solteiro,4028.72,Básico,29,Sim,Não,0,2,5,,2,0,
561,Feminino,24,Solteiro,3037.77,Premium,26,Sim,Não,0,0,0,,0,0,
562,Masculino,34,Solteiro,4731.81,Básico,35,Não,Não,1,1,5,Concorrência,0,0,
563,Masculino,37,Solteiro,6706.52,Premium+,67,Sim,Sim,0,1,2,,0,1,
564,Masculino,58,Casado,3713.64,Básico+,29,Sim,Sim,0,0,5,,1,0,
565,Feminino,66,Solteiro,5079.64,Intermediário,34,Sim,Não,0,2,1,,1,0,
566,Feminino,37,Divorciado,2060.09,Básico+,41,Não,Sim,0,0,5,,1,0,
567,Feminino,39,Casado,2565.35,Intermediário+,41,Não,Sim,0,1,0,,1,1,
568,Feminino,45,Casado,4708.61,Básico,23,Sim,Não,0,0,5,,0,0,
569,Masculino,57,Solteiro,6226.17,Básico,71,Sim,Não,0,1,5,,0,0,
570,Masculino,66,Casado,4533.42,Básico+,3,Sim,Sim,1,1,1,Problemas técnicos,0,1,
571,Feminino,24,Divorciado,3530.41,Básico+,58,Sim,Sim,0,1,5,,0,0,
572,Masculino,18,Solteiro,3998.94,Premium,32,Sim,Não,1,4,4,Atendimento ruim,0,0,
573,Masculino,49,Casado,2124.39,Premium,31,Não,Não,1,1,5,Problemas técnicos,0,0,
574,Feminino,30,Casado,4906.77,Básico,43,Sim,Não,0,2,0,,1,0,
575,Masculino,47,Solteiro,5323.5,Intermediário,7,Não,Não,1,5,5,Problemas técnicos,2,0,
576,Feminino,40,Casado,3321.86,Básico,1,Sim,Não,1,5,2,Problemas técnicos,1,0,
577,Masculino,68,Solteiro,3294.94,Intermediário,61,Sim,Não,0,0,4,,1,0,
578,Feminino,36,Solteiro,4398.82,Premium,14,Sim,Não,1,5,4,Problemas técnicos,0,0,
579,Feminino,49,Solteiro,3344.92,Premium+,52,Sim,Sim,0,1,4,,0,0,
580,Feminino,47,Solteiro,3900.8,Básico,6,Sim,Não,0,1,3,,0,0,
581,Feminino,46,Solteiro,7149.58,Intermediário+,10,Sim,Sim,1,2,5,Preço alto,0,0,
582,Masculino,66,Solteiro,3629.46,Básico+,71,Sim,Sim,0,0,3,,1,1,
583,Feminino,62,Divorciado,3462.49,Premium,30,Sim,Não,0,1,5,,0,0,
584,Feminino,46,Casado,3028.69,Básico,21,Sim,Não,0,0,2,,1,1,
585,Feminino,47,Divorciado,5116.29,Intermediário,60,Não,Não,0,3,5,,0,0,
586,Masculino,33,Solteiro,3728.16,Intermediário+,63,Sim,Sim,0,0,1,,0,0,
587,Feminino,57,Solteiro,3025.94,Intermediário,42,Não,Não,0,1,5,,0,0,
588,Masculino,36,Casado,5981.96,Básico,51,Sim,Não,1,0,4,Concorrência,0,0,
589,Feminino,35,Solteiro,6129.4,Premium,64,Sim,Não,0,0,4,,0,0,
590,Masculino,18,Solteiro,3099.36,Básico+,56,Sim,Sim,0,1,4,,0,0,
591,Masculino,31,Casado,1200.19,Intermediário+,41,Não,Sim,0,1,5,,1,1,
592,Feminino,68,Solteiro,5511.27,Básico,32,Sim,Não,1,3,5,Atendimento ruim,0,0,
593,Masculino,64,Casado,2973.06,Básico+,15,Sim,Sim,0,0,5,,0,0,
594,Feminino,67,Casado,5185.94,Intermediário,62,Sim,Não,1,1,0,Atendimento ruim,0,0,
595,Feminino,19,Solteiro,1044.84,Básico,27,Sim,Não,0,1,2,,0,1,
596,Feminino,45,Solteiro,5338.9,Básico+,28,Sim,Sim,0,1,4,,2,0,
597,Masculino,66,Casado,2183.24,Básico+,64,Sim,Sim,0,0,5,,0,0,
598,Masculino,67,Solteiro,5096.15,Básico+,59,Sim,Sim,0,0,5,,2,0,
599,Feminino,47,Solteiro,4021.41,Intermediário,58,Não,Não,1,0,5,Concorrência,0,0,
600,Feminino,55,Divorciado,2569.09,Premium+,2,Sim,Sim,0,2,0,,2,0,
601,Masculino,68,Solteiro,3389.45,Básico,36,Sim,Não,1,0,3,Concorrência,0,0,
602,Feminino,21,Casado,5029.48,Básico,71,Sim,Não,0,0,5,,0,0,
603,Feminino,18,Divorciado,4158.84,Básico,13,Sim,Não,1,0,5,Problemas técnicos,0,0,
604,Feminino,25,Solteiro,4876.62,Básico+,15,Sim,Sim,0,0,5,,0,0,
605,Masculino,46,Solteiro,6964.66,Intermediário+,60,Sim,Sim,0,0,4,,0,0,
606,Masculino,56,Solteiro,1653.64,Intermediário,22,Não,Não,1,2,5,Problemas técnicos,0,1,
607,Masculino,20,Solteiro,6425.82,Básico,63,Não,Não,1,1,3,Preço alto,0,0,
608,Feminino,49,Solteiro,4156.53,Básico,25,Não,Não,1,1,4,Atendimento ruim,0,0,
609,Feminino,27,Casado,2651.82,Básico+,48,Sim,Sim,0,0,4,,0,0,
610,Feminino,27,Solteiro,2004.53,Premium+,43,Sim,Sim,0,1,3,,1,0,
611,Masculino,36,Casado,3716.32,Premium,38,Sim,Não,0,2,0,,0,2,
612,Feminino,63,Divorciado,5382.48,Básico+,41,Sim,Sim,0,1,5,,0,0,
613,Feminino,51,Casado,3808.68,Básico,45,Sim,Não,0,1,2,,0,0,
614,Feminino,50,Casado,6266.73,Premium,40,Sim,Não,0,0,5,,1,0,
615,Feminino,40,Solteiro,1823.24,Premium+,17,Sim,Sim,0,0,1,,0,1,
616,Masculino,45,Casado,3981.87,Básico,57,Sim,Não,0,1,0,,0,0,
617,Masculino,49,Casado,2121.41,Básico,2,Sim,Não,1,0,5,Preço alto,2,0,
618,Feminino,67,Solteiro,4545.45,Básico+,62,Sim,Sim,0,1,0,,1,1,
619,Masculino,24,Solteiro,5330.33,Intermediário,9,Sim,Não,0,1,2,,0,0,
620,Masculino,46,Casado,3368.86,Básico+,68,Sim,Sim,1,3,5,Problemas técnicos,0,0,
621,Feminino,25,Solteiro,93.68,Básico+,17,Sim,Sim,0,0,5,,1,0,
622,Feminino,18,Solteiro,4298.42,Intermediário+,50,Sim,Sim,0,0,4,,0,0,
623,Masculino,20,Solteiro,4655.11,Básico,40,Não,Não,0,1,0,,0,0,
624,Feminino,41,Solteiro,4606.44,Intermediário,58,Sim,Não,0,3,5,,0,0,
625,Masculino,40,Casado,5853.67,Básico,21,Sim,Não,1,3,5,Preço alto,1,1,
626,Feminino,25,Casado,2393.42,Básico+,18,Sim,Sim,0,1,1,,0,0,
627,Masculino,64,Casado,5020.32,Intermediário,55,Sim,Não,1,2,5,Problemas técnicos,1,0,
628,Feminino,54,Solteiro,5788.76,Básico+,29,Não,Sim,1,3,3,Concorrência,0,0,
629,Masculino,20,Solteiro,1332.12,Premium,24,Sim,Não,0,0,3,,0,0,
630,Masculino,68,Solteiro,4479.48,Intermediário,17,Sim,Não,0,0,3,,0,0,
631,Masculino,50,Solteiro,3243.73,Básico+,18,Não,Sim,0,1,3,,0,0,
632,Feminino,45,Solteiro,3877.72,Intermediário+,42,Sim,Sim,0,0,0,,2,0,
633,Masculino,64,Casado,4521.51,Básico,45,Sim,Não,0,1,2,,1,0,
634,Masculino,25,Solteiro,3269.16,Premium+,17,Sim,Sim,0,1,5,,0,1,
635,Feminino,51,Casado,2986.44,Básico,14,Sim,Não,1,0,3,Concorrência,0,1,
636,Feminino,52,Solteiro,4051.23,Intermediário+,49,Sim,Sim,0,0,3,,0,0,
637,Masculino,49,Solteiro,2369.13,Básico+,29,Sim,Sim,0,0,0,,0,0,
638,Masculino,41,Solteiro,2371.26,Básico,4,Não,Não,0,0,2,,0,0,
639,Feminino,31,Divorciado,5019.06,Premium,20,Sim,Não,0,3,5,,0,0,
640,Feminino,49,Casado,2276.81,Premium,47,Sim,Não,0,2,5,,0,0,
641,Feminino,63,Divorciado,4999.47,Básico+,9,Sim,Sim,1,0,2,Problemas técnicos,1,0,
642,Feminino,60,Solteiro,4693.89,Básico+,27,Não,Sim,0,2,5,,2,0,
643,Feminino,33,Solteiro,1411.29,Premium+,15,Não,Sim,0,1,4,,0,0,
644,Masculino,21,Casado,2983.65,Premium,19,Sim,Não,0,1,4,,1,0,
645,Feminino,69,Solteiro,5791.16,Básico,52,Sim,Não,0,0,2,,0,0,
646,Masculino,54,Casado,2528.25,Básico,26,Sim,Não,0,1,0,,0,0,
647,Masculino,38,Solteiro,3303.39,Básico,26,Sim,Não,1,2,4,Atendimento ruim,0,0,
648,Masculino,31,Solteiro,4693.09,Premium+,26,Sim,Sim,0,2,5,,0,0,
649,Feminino,48,Solteiro,5175.09,Básico,46,Sim,Não,0,1,3,,0,0,
650,Masculino,65,Solteiro,3622.69,Básico,49,Sim,Não,1,2,5,Concorrência,0,2,
651,Masculino,35,Casado,3103.73,Intermediário,53,Não,Não,1,0,1,Atendimento ruim,1,0,
652,Feminino,24,Solteiro,6133.55,Básico+,3,Sim,Sim,1,2,3,Atendimento ruim,1,0,
653,Masculino,27,Solteiro,6608.35,Básico+,66,Não,Sim,0,0,5,,0,0,
654,Masculino,24,Solteiro,5468.29,Básico,42,Sim,Não,1,3,2,Problemas técnicos,1,1,
655,Feminino,50,Solteiro,4127.98,Básico+,19,Sim,Sim,1,2,5,Concorrência,0,0,
656,Masculino,40,Casado,2787.6,Básico+,17,Sim,Sim,0,2,5,,0,0,
657,Masculino,38,Casado,2754.33,Intermediário+,33,Sim,Sim,0,1,5,,0,1,
658,Masculino,36,Divorciado,4783.77,Básico,49,Sim,Não,1,1,5,Preço alto,0,1,
659,Feminino,65,Casado,4627.6,Intermediário+,56,Sim,Sim,0,0,1,,0,2,
660,Feminino,36,Solteiro,6102.4,Premium+,63,Sim,Sim,1,2,2,Problemas técnicos,0,1,
661,Feminino,53,Casado,4975.68,Intermediário+,3,Sim,Sim,0,1,3,,0,1,
662,Masculino,46,Solteiro,1745.38,Básico,49,Sim,Não,1,6,5,Concorrência,1,0,
663,Masculino,35,Solteiro,5577.92,Básico,55,Sim,Não,0,2,5,,0,0,
664,Feminino,19,Casado,2502.91,Básico,26,Sim,Não,0,0,5,,0,0,
665,Masculino,18,Solteiro,3424.04,Básico,52,Sim,Não,1,0,1,Preço alto,0,0,
666,Masculino,64,Divorciado,4375.3,Básico,7,Não,Não,1,0,2,Concorrência,0,0,
667,Feminino,22,Solteiro,6993.5,Intermediário+,46,Sim,Sim,0,0,3,,0,0,
668,Feminino,37,Casado,8664.88,Básico+,46,Sim,Sim,0,2,5,,1,0,
669,Masculino,28,Casado,4910.08,Básico+,16,Sim,Sim,0,0,2,,0,0,
670,Masculino,59,Casado,3725.21,Básico+,24,Sim,Sim,0,2,3,,0,0,
671,Masculino,19,Casado,4801.76,Intermediário+,61,Não,Sim,0,0,4,,0,0,
672,Feminino,20,Casado,5331.48,Básico,54,Sim,Não,0,2,5,,0,0,
673,Feminino,40,Solteiro,3519.0,Intermediário,62,Sim,Não,0,2,5,,0,0,
674,Feminino,29,Casado,6692.82,Básico,1,Sim,Não,1,2,5,Atendimento ruim,0,0,
675,Feminino,37,Solteiro,4345.11,Premium,49,Sim,Não,0,1,0,,1,0,
676,Masculino,22,Casado,4746.61,Premium+,25,Não,Sim,1,6,4,Concorrência,0,0,
677,Feminino,54,Casado,4998.89,Básico+,10,Sim,Sim,1,0,3,Problemas técnicos,0,0,
678,Feminino,55,Casado,4632.38,Básico,16,Sim,Não,1,1,3,Atendimento ruim,0,0,
679,Feminino,47,Solteiro,5258.41,Básico,58,Sim,Não,1,6,2,Problemas técnicos,0,0,
680,Feminino,26,Solteiro,3074.12,Básico+,29,Sim,Sim,0,1,5,,0,0,
681,Feminino,51,Casado,3162.55,Intermediário,6,Sim,Não,1,4,4,Concorrência,1,1,
682,Masculino,61,Solteiro,2349.77,Premium,16,Sim,Não,1,1,4,Preço alto,0,0,
683,Masculino,52,Solteiro,4659.25,Intermediário,20,Sim,Não,1,0,4,Preço alto,0,0,
684,Feminino,69,Solteiro,5168.4,Premium,71,Não,Não,0,2,4,,0,0,
685,Masculino,39,Divorciado,4686.66,Básico+,43,Sim,Sim,1,5,0,Preço alto,0,0,
686,Feminino,61,Casado,6511.74,Básico+,26,Sim,Sim,1,2,2,Atendimento ruim,0,0,
687,Feminino,41,Solteiro,3991.61,Intermediário,71,Sim,Não,0,2,3,,0,0,
688,Masculino,34,Solteiro,5003.11,Básico+,33,Não,Sim,0,0,2,,0,0,
689,Masculino,27,Solteiro,2362.45,Intermediário,26,Sim,Não,0,1,5,,0,0,
690,Feminino,47,Casado,3419.35,Básico,45,Sim,Não,0,1,3,,1,0,
691,Feminino,63,Casado,5043.31,Básico+,63,Sim,Sim,0,0,5,,0,0,
692,Feminino,40,Solteiro,5273.65,Premium,67,Sim,Não,0,1,3,,0,0,
693,Masculino,49,Solteiro,3559.05,Básico,52,Sim,Não,0,0,5,,0,1,
694,Feminino,34,Solteiro,3892.6,Premium+,68,Sim,Sim,0,0,1,,0,0,
695,Feminino,67,Casado,1723.19,Premium,26,Sim,Não,0,0,1,,0,0,
696,Feminino,68,Casado,3464.46,Intermediário,2,Sim,Não,1,3,2,Atendimento ruim,0,0,
697,Masculino,34,Solteiro,5335.57,Intermediário,14,Sim,Não,1,1,5,Problemas técnicos,0,0,
698,Feminino,31,Solteiro,4862.81,Intermediário+,30,Não,Sim,0,0,0,,0,0,
699,Feminino,26,Solteiro,4751.0,Premium,49,Não,Não,0,3,5,,0,0,
700,Masculino,57,Divorciado,4074.66,Básico,12,Sim,Não,1,2,3,Concorrência,0,1,
701,Feminino,19,Solteiro,4010.59,Básico+,44,Sim,Sim,0,3,2,,1,0,
702,Feminino,62,Casado,3009.52,Intermediário+,33,Sim,Sim,0,0,3,,0,1,
703,Masculino,42,Casado,5048.24,Básico,13,Sim,Não,0,0,3,,0,0,
704,Feminino,56,Solteiro,4631.46,Básico+,26,Não,Sim,0,1,3,,0,1,
705,Masculino,26,Solteiro,4738.03,Básico,21,Sim,Não,1,0,3,Problemas técnicos,0,0,
706,Masculino,39,Solteiro,3210.95,Intermediário,28,Sim,Não,0,0,5,,0,0,
707,Feminino,60,Casado,769.99,Premium,48,Sim,Não,0,1,4,,0,0,
708,Feminino,63,Casado,5645.73,Básico+,40,Sim,Sim,0,0,5,,1,0,
709,Feminino,21,Casado,3281.74,Premium,66,Sim,Não,1,1,3,Problemas técnicos,0,2,
710,Feminino,43,Casado,2705.84,Intermediário+,23,Sim,Sim,0,1,1,,0,0,
711,Masculino,46,Solteiro,5040.22,Premium,48,Sim,Não,0,0,5,,0,0,
712,Feminino,62,Divorciado,3411.98,Intermediário,2,Sim,Não,1,2,1,Problemas técnicos,0,0,
713,Masculino,51,Casado,5589.9,Intermediário,20,Sim,Não,0,1,3,,0,0,
714,Feminino,40,Solteiro,4925.51,Básico,59,Não,Não,0,0,3,,1,0,
715,Feminino,54,Divorciado,5025.35,Premium,46,Sim,Não,1,1,4,Problemas técnicos,0,0,
716,Feminino,28,Casado,1951.07,Básico+,3,Não,Sim,1,5,3,Preço alto,1,0,
717,Masculino,23,Casado,5817.92,Premium,55,Sim,Não,0,0,5,,1,1,
718,Feminino,35,Casado,4391.88,Premium,12,Sim,Não,0,1,4,,1,0,
719,Feminino,38,Casado,3446.08,Básico+,40,Sim,Sim,0,3,5,,0,0,
720,Feminino,59,Casado,4215.08,Básico+,66,Não,Sim,0,0,3,,0,0,
721,Feminino,53,Solteiro,1335.65,Intermediário,16,Não,Não,1,5,5,Problemas técnicos,0,0,
722,Masculino,58,Solteiro,4612.98,Básico+,34,Sim,Sim,0,0,3,,0,0,
723,Feminino,55,Divorciado,2455.94,Premium,44,Não,Não,0,0,4,,0,0,
724,Masculino,51,Solteiro,1970.99,Básico,6,Não,Não,0,0,4,,1,0,
725,Masculino,34,Solteiro,1716.46,Básico+,64,Sim,Sim,1,2,4,Concorrência,0,0,
726,Masculino,54,Solteiro,5669.03,Premium,22,Sim,Não,0,0,4,,0,1,
727,Masculino,42,Solteiro,3056.1,Intermediário+,18,Não,Sim,0,1,0,,0,0,
728,Masculino,55,Casado,6300.59,Premium,12,Não,Não,0,3,5,,0,0,
729,Masculino,29,Divorciado,3196.3,Básico,52,Sim,Não,0,2,5,,0,1,
730,Feminino,40,Solteiro,1438.96,Intermediário,51,Não,Não,0,1,4,,1,2,
731,Masculino,59,Solteiro,2325.21,Intermediário,71,Sim,Não,1,0,3,Problemas técnicos,0,0,
732,Masculino,39,Solteiro,5853.72,Intermediário,48,Sim,Não,0,1,5,,1,0,
733,Masculino,38,Casado,3766.15,Intermediário,19,Sim,Não,1,3,5,Problemas técnicos,1,0,
734,Feminino,44,Casado,3177.57,Intermediário+,6,Sim,Sim,1,2,4,Problemas técnicos,1,1,
735,Feminino,48,Solteiro,4240.03,Básico+,27,Sim,Sim,0,0,3,,0,1,
736,Masculino,23,Casado,4752.67,Básico,53,Sim,Não,0,2,4,,1,0,
737,Feminino,44,Casado,5676.1,Intermediário,48,Não,Não,0,0,3,,0,0,
738,Masculino,57,Casado,6172.75,Básico,7,Sim,Não,1,4,4,Atendimento ruim,0,0,
739,Masculino,51,Divorciado,3460.35,Intermediário,59,Sim,Não,0,0,4,,0,0,
740,Feminino,29,Solteiro,2010.93,Básico+,69,Sim,Sim,1,1,4,Preço alto,0,0,
741,Masculino,62,Casado,3379.8,Intermediário,11,Sim,Não,1,2,4,Problemas técnicos,0,0,
742,Feminino,24,Solteiro,4390.42,Intermediário,15,Não,Não,1,1,4,Atendimento ruim,0,2,
743,Feminino,27,Casado,2554.36,Básico+,64,Sim,Sim,1,3,0,Problemas técnicos,0,0,
744,Masculino,62,Casado,2564.27,Básico+,3,Não,Sim,0,0,1,,1,0,
745,Masculino,34,Casado,4515.68,Básico,69,Sim,Não,0,0,2,,0,0,
746,Feminino,43,Casado,3927.02,Intermediário+,23,Sim,Sim,0,0,5,,0,0,
747,Masculino,38,Solteiro,4049.2,Premium+,53,Sim,Sim,0,0,5,,0,0,
748,Masculino,45,Casado,2862.26,Básico+,37,Sim,Sim,0,0,4,,0,0,
749,Masculino,63,Divorciado,3654.4,Intermediário,9,Sim,Não,0,1,5,,1,0,
750,Feminino,19,Divorciado,2613.65,Básico,15,Sim,Não,1,3,3,Concorrência,0,1,
751,Feminino,60,Solteiro,5335.3,Básico,3,Sim,Não,1,0,3,Preço alto,0,0,
752,Masculino,18,Solteiro,5552.87,Premium,70,Sim,Não,0,0,3,,0,0,
753,Feminino,68,Solteiro,1230.72,Básico+,17,Sim,Sim,1,3,5,Problemas técnicos,1,0,
754,Feminino,53,Casado,2605.73,Básico,26,Sim,Não,0,0,4,,0,0,
755,Feminino,68,Casado,1755.21,Básico+,21,Sim,Sim,1,0,4,Concorrência,1,0,
756,Feminino,43,Solteiro,3024.96,Básico+,21,Sim,Sim,1,4,3,Concorrência,0,0,
757,Feminino,46,Casado,3874.84,Básico,11,Não,Não,1,3,4,Problemas técnicos,0,0,
758,Masculino,38,Casado,1825.53,Básico,38,Sim,Não,1,2,3,Problemas técnicos,0,0,
759,Masculino,28,Casado,2617.21,Intermediário+,35,Sim,Sim,0,0,0,,1,0,
760,Masculino,57,Casado,2494.06,Básico+,14,Não,Sim,1,4,3,Atendimento ruim,0,0,
761,Feminino,28,Casado,4310.9,Intermediário,14,Sim,Não,1,0,3,Preço alto,0,1,
762,Feminino,53,Casado,4104.02,Básico+,10,Sim,Sim,1,1,5,Concorrência,0,1,
763,Masculino,66,Solteiro,2917.39,Básico+,12,Sim,Sim,0,0,5,,0,0,
764,Feminino,56,Casado,4265.23,Intermediário+,38,Sim,Sim,0,0,2,,0,0,
765,Masculino,57,Casado,3179.98,Premium+,34,Não,Sim,1,0,4,Preço alto,2,1,
766,Masculino,52,Casado,3592.52,Básico,41,Não,Não,0,0,5,,0,0,
767,Masculino,51,Casado,6510.18,Premium+,10,Não,Sim,1,4,4,Preço alto,0,0,
768,Feminino,64,Casado,6010.69,Intermediário+,17,Sim,Sim,0,0,5,,1,1,
769,Feminino,41,Solteiro,2050.63,Intermediário,17,Sim,Não,1,1,5,Problemas técnicos,0,0,
770,Masculino,39,Solteiro,5244.6,Intermediário,67,Sim,Não,0,0,5,,0,1,
771,Masculino,22,Solteiro,5217.09,Básico+,62,Sim,Sim,0,0,4,,0,2,
772,Masculino,50,Solteiro,2277.61,Básico+,1,Sim,Sim,0,1,5,,0,0,
773,Masculino,53,Casado,5228.17,Intermediário+,12,Sim,Sim,0,2,2,,0,1,
774,Feminino,64,Divorciado,6306.9,Básico,4,Sim,Não,0,3,4,,0,0,
775,Feminino,37,Solteiro,2316.18,Premium,42,Sim,Não,0,1,1,,0,0,
776,Masculino,36,Solteiro,2623.75,Básico,13,Não,Não,0,0,4,,0,0,
777,Masculino,52,Casado,5526.49,Básico,4,Não,Não,0,1,4,,1,0,
778,Feminino,69,Solteiro,4407.24,Intermediário,69,Sim,Não,0,0,3,,1,0,
779,Feminino,60,Casado,4827.21,Básico,19,Sim,Não,1,3,5,Problemas técnicos,1,0,
780,Masculino,34,Casado,4510.88,Intermediário,2,Sim,Não,0,2,1,,1,0,
781,Masculino,62,Casado,4586.04,Intermediário+,12,Não,Sim,0,0,3,,0,0,
782,Masculino,60,Solteiro,2010.29,Premium,6,Sim,Não,0,2,0,,1,0,
783,Feminino,51,Solteiro,5570.98,Intermediário+,8,Sim,Sim,0,0,4,,0,0,
784,Feminino,26,Casado,5754.38,Intermediário+,51,Sim,Sim,0,1,5,,0,2,
785,Feminino,43,Casado,3655.91,Intermediário,11,Sim,Não,0,1,5,,0,2,
786,Masculino,19,Solteiro,3934.78,Premium+,63,Sim,Sim,0,2,0,,0,0,
787,Masculino,26,Casado,1703.34,Básico,57,Sim,Não,0,1,5,,1,1,
788,Feminino,26,Solteiro,4771.38,Básico,12,Sim,Não,1,2,3,Atendimento ruim,1,0,
789,Feminino,57,Casado,4858.09,Básico,2,Sim,Não,0,0,0,,0,0,
790,Masculino,34,Solteiro,3906.71,Básico,8,Sim,Não,1,5,3,Atendimento ruim,1,0,
791,Feminino,18,Divorciado,5686.53,Intermediário+,11,Sim,Sim,0,0,3,,0,0,
792,Feminino,42,Solteiro,3498.88,Intermediário,53,Não,Não,1,2,2,Problemas técnicos,0,1,
793,Masculino,60,Solteiro,4846.91,Intermediário,10,Sim,Não,0,1,5,,0,0,
794,Feminino,57,Solteiro,2470.5,Básico,8,Não,Não,0,1,2,,0,0,
795,Masculino,59,Solteiro,3964.67,Intermediário,36,Sim,Não,1,0,3,Preço alto,1,0,
796,Masculino,42,Casado,3738.47,Básico+,14,Sim,Sim,1,5,4,Problemas técnicos,1,0,
797,Masculino,56,Divorciado,4337.96,Intermediário,54,Sim,Não,0,1,1,,1,0,
798,Masculino,52,Solteiro,3445.71,Intermediário+,21,Sim,Sim,1,2,5,Preço alto,0,0,
799,Masculino,20,Solteiro,3802.79,Básico,50,Sim,Não,0,0,5,,1,0,
800,Masculino,67,Casado,5239.07,Básico+,39,Sim,Sim,0,0,3,,0,0,
801,Masculino,54,Casado,3344.85,Básico,20,Sim,Não,1,3,3,Concorrência,1,0,
802,Feminino,61,Casado,1590.13,Premium+,7,Sim,Sim,0,1,0,,0,0,
803,Masculino,61,Solteiro,6624.38,Premium+,9,Não,Sim,1,2,4,Concorrência,0,0,
804,Masculino,68,Solteiro,6072.18,Intermediário,1,Não,Não,1,3,1,Preço alto,0,0,
805,Feminino,47,Casado,2061.61,Básico,26,Sim,Não,0,0,5,,0,0,
806,Feminino,55,Solteiro,5034.56,Básico,38,Não,Não,0,1,4,,0,0,
807,Feminino,51,Casado,3245.54,Intermediário,38,Sim,Não,1,5,5,Preço alto,0,0,
808,Masculino,29,Solteiro,4395.23,Intermediário,61,Sim,Não,0,0,1,,0,0,
809,Feminino,36,Casado,4441.34,Básico,44,Não,Não,1,2,4,Concorrência,0,1,
810,Masculino,54,Solteiro,3648.39,Básico+,44,Sim,Sim,0,0,0,,0,0,
811,Masculino,61,Casado,2824.35,Intermediário,62,Sim,Não,0,1,5,,0,0,
812,Masculino,66,Solteiro,2964.19,Básico+,6,Sim,Sim,1,4,5,Atendimento ruim,0,1,
813,Masculino,34,Casado,2625.71,Básico,17,Não,Não,1,0,5,Preço alto,0,0,
814,Feminino,27,Solteiro,2752.27,Básico,51,Não,Não,0,0,3,,0,0,
815,Feminino,66,Casado,3899.23,Intermediário,38,Sim,Não,0,0,2,,1,0,
816,Masculino,64,Casado,2926.36,Premium,24,Sim,Não,0,3,4,,1,0,
817,Masculino,29,Casado,5023.08,Premium,51,Sim,Não,1,2,5,Preço alto,0,0,
818,Masculino,33,Casado,6230.87,Intermediário,10,Sim,Não,0,1,2,,1,2,
819,Feminino,41,Casado,3129.92,Intermediário+,21,Sim,Sim,1,0,5,Problemas técnicos,1,0,
820,Masculino,36,Casado,4359.11,Básico,70,Sim,Não,0,0,4,,2,0,
821,Masculino,25,Solteiro,4749.53,Intermediário+,57,Sim,Sim,0,0,4,,0,2,
822,Feminino,48,Casado,4708.0,Básico,39,Sim,Não,0,0,5,,0,2,
823,Feminino,38,Solteiro,4113.93,Intermediário+,33,Sim,Sim,0,1,1,,0,0,
824,Masculino,34,Solteiro,5114.02,Básico+,59,Sim,Sim,0,1,5,,0,0,
825,Feminino,40,Solteiro,4723.37,Básico+,18,Não,Sim,1,2,4,Problemas técnicos,0,1,
826,Feminino,54,Solteiro,2143.51,Básico,56,Sim,Não,0,1,0,,0,0,
827,Masculino,33,Casado,5303.73,Básico,57,Sim,Não,1,1,0,Preço alto,1,0,
828,Feminino,23,Casado,5330.94,Básico+,48,Sim,Sim,0,3,5,,2,1,
829,Masculino,25,Casado,2855.07,Básico,42,Sim,Não,1,3,4,Atendimento ruim,0,0,
830,Feminino,42,Casado,4056.91,Premium+,27,Sim,Sim,0,0,1,,0,0,
831,Masculino,35,Solteiro,5024.99,Básico,52,Sim,Não,0,3,2,,0,0,
832,Masculino,42,Solteiro,3686.03,Intermediário,42,Sim,Não,0,1,2,,1,0,
833,Masculino,29,Solteiro,5609.47,Premium,32,Sim,Não,0,1,5,,0,0,
834,Feminino,32,Solteiro,7545.81,Premium,26,Sim,Não,0,1,3,,0,0,
835,Masculino,43,Solteiro,2821.02,Intermediário+,25,Sim,Sim,0,2,2,,0,0,
836,Feminino,58,Solteiro,1928.43,Premium,23,Não,Não,0,1,5,,0,0,
837,Masculino,62,Casado,4455.73,Básico,57,Sim,Não,0,0,4,,0,0,
838,Masculino,43,Casado,5082.34,Básico,52,Sim,Não,0,0,5,,0,0,
839,Feminino,64,Divorciado,3653.7,Básico,31,Sim,Não,1,2,2,Problemas técnicos,1,0,
840,Masculino,49,Divorciado,6179.89,Intermediário+,64,Sim,Sim,0,0,4,,2,0,
841,Masculino,27,Casado,1992.09,Intermediário,71,Sim,Não,1,0,0,Problemas técnicos,1,0,
842,Feminino,33,Solteiro,5039.38,Básico,33,Sim,Não,1,3,3,Preço alto,1,0,
843,Masculino,24,Casado,3091.21,Básico+,2,Sim,Sim,1,0,2,Problemas técnicos,0,0,
844,Masculino,34,Casado,6579.07,Intermediário+,18,Sim,Sim,1,6,3,Problemas técnicos,0,1,
845,Masculino,40,Solteiro,6988.77,Básico+,47,Sim,Sim,1,0,1,Atendimento ruim,1,0,
846,Masculino,43,Solteiro,2850.02,Intermediário,33,Sim,Não,0,0,3,,1,0,
847,Feminino,38,Casado,3175.66,Intermediário,35,Sim,Não,0,0,1,,0,2,
848,Feminino,39,Solteiro,5289.38,Intermediário+,51,Sim,Sim,1,6,0,Problemas técnicos,0,0,
849,Masculino,24,Casado,3419.3,Intermediário+,18,Sim,Sim,0,2,1,,0,0,
850,Feminino,31,Casado,3931.88,Premium,30,Sim,Não,1,2,1,Problemas técnicos,0,0,
851,Masculino,32,Solteiro,4038.08,Básico,44,Sim,Não,0,0,1,,0,0,
852,Feminino,24,Solteiro,1120.49,Intermediário+,53,Não,Sim,0,2,3,,0,2,
853,Masculino,26,Solteiro,3979.24,Intermediário+,10,Sim,Sim,0,2,5,,0,0,
854,Masculino,68,Solteiro,2965.41,Básico,52,Não,Não,0,2,0,,0,0,
855,Masculino,65,Solteiro,3260.32,Básico+,49,Sim,Sim,1,1,3,Concorrência,1,0,
856,Masculino,25,Casado,6165.45,Básico+,11,Sim,Sim,0,0,3,,0,0,
857,Masculino,67,Solteiro,2115.24,Básico,66,Sim,Não,0,1,3,,0,0,
858,Masculino,40,Casado,5219.81,Intermediário,58,Não,Não,0,0,4,,0,0,
859,Feminino,46,Solteiro,3581.56,Premium+,36,Sim,Sim,0,2,5,,1,0,
860,Masculino,35,Divorciado,3580.36,Básico+,33,Sim,Sim,0,1,3,,0,0,
861,Feminino,48,Solteiro,5185.56,Básico+,47,Sim,Sim,0,1,5,,2,1,
862,Masculino,47,Solteiro,4510.08,Premium+,13,Sim,Sim,0,1,1,,0,2,
863,Feminino,69,Casado,4855.92,Básico,40,Sim,Não,1,2,0,Concorrência,2,0,
864,Feminino,56,Casado,5452.28,Básico,68,Não,Não,1,2,2,Atendimento ruim,1,0,
865,Feminino,52,Solteiro,3503.04,Intermediário,42,Não,Não,0,3,4,,0,0,
866,Masculino,35,Casado,3081.64,Intermediário,19,Sim,Não,0,2,4,,0,0,
867,Masculino,59,Solteiro,2372.27,Básico,19,Não,Não,0,0,3,,0,1,
868,Feminino,56,Solteiro,2761.88,Básico+,58,Sim,Sim,0,0,5,,0,0,
869,Masculino,34,Solteiro,8423.64,Básico,23,Sim,Não,0,0,5,,0,0,
870,Feminino,31,Solteiro,5867.02,Intermediário,54,Sim,Não,0,1,5,,0,1,
871,Masculino,48,Casado,1973.39,Intermediário,65,Sim,Não,0,2,0,,0,0,
872,Feminino,41,Solteiro,2016.31,Básico+,12,Não,Sim,1,1,3,Problemas técnicos,0,1,
873,Feminino,52,Solteiro,4722.8,Intermediário,24,Sim,Não,0,1,5,,0,1,
874,Masculino,61,Casado,4820.9,Premium,34,Sim,Não,0,2,4,,0,0,
875,Feminino,62,Casado,4823.33,Básico,53,Sim,Não,0,1,5,,0,0,
876,Masculino,51,Solteiro,3617.57,Básico+,8,Sim,Sim,0,1,3,,0,2,
877,Feminino,20,Casado,3811.82,Intermediário,18,Sim,Não,0,1,4,,0,1,
878,Feminino,54,Solteiro,4491.82,Básico,57,Não,Não,1,3,3,Preço alto,0,0,
879,Masculino,60,Casado,4128.84,Básico,5,Não,Não,1,0,5,Concorrência,1,1,
880,Masculino,57,Casado,671.05,Intermediário,26,Sim,Não,0,1,3,,0,0,
881,Masculino,43,Divorciado,3655.3,Premium+,30,Sim,Sim,0,1,5,,0,0,
882,Feminino,40,Solteiro,2722.89,Premium+,54,Sim,Sim,1,3,3,Concorrência,0,1,
883,Masculino,61,Solteiro,4262.82,Intermediário+,13,Sim,Sim,1,0,3,Problemas técnicos,1,0,
884,Feminino,56,Solteiro,8477.89,Intermediário,29,Sim,Não,0,1,1,,1,1,
885,Feminino,32,Solteiro,4551.22,Básico+,3,Sim,Sim,0,0,2,,1,0,
886,Masculino,66,Solteiro,3529.71,Intermediário,58,Sim,Não,0,0,5,,0,0,
887,Masculino,21,Divorciado,5382.7,Básico,2,Sim,Não,0,0,5,,0,0,
888,Feminino,46,Solteiro,4724.03,Básico+,28,Sim,Sim,0,0,3,,0,0,
889,Feminino,39,Solteiro,4630.14,Intermediário,2,Sim,Não,1,0,0,Problemas técnicos,0,0,
890,Masculino,42,Casado,4910.28,Intermediário,7,Sim,Não,0,3,2,,1,0,
891,Masculino,30,Solteiro,7084.82,Básico,26,Sim,Não,0,0,4,,0,0,
892,Masculino,35,Casado,2303.67,Premium,16,Não,Não,1,5,3,Preço alto,1,0,
893,Masculino,50,Solteiro,4710.45,Básico,23,Sim,Não,1,4,5,Atendimento ruim,0,0,
894,Masculino,33,Solteiro,2610.43,Básico+,40,Não,Sim,0,0,2,,1,1,
895,Feminino,62,Solteiro,4833.27,Básico,60,Sim,Não,0,1,5,,0,0,
896,Feminino,59,Solteiro,2621.97,Intermediário+,32,Sim,Sim,0,1,0,,0,0,
897,Feminino,61,Divorciado,3373.95,Intermediário,15,Sim,Não,1,1,5,Problemas técnicos,0,0,
898,Feminino,19,Solteiro,3557.37,Básico+,13,Não,Sim,1,5,0,Problemas técnicos,0,0,
899,Masculino,52,Casado,5463.73,Intermediário,5,Sim,Não,1,0,5,Problemas técnicos,0,0,
900,Masculino,59,Solteiro,5377.68,Básico,52,Sim,Não,0,1,5,,1,0,
901,Masculino,51,Solteiro,2131.42,Intermediário,41,Sim,Não,0,1,4,,0,0,
902,Feminino,47,Casado,4082.4,Básico+,53,Sim,Sim,1,0,5,Preço alto,0,0,
903,Feminino,30,Solteiro,2935.63,Básico,50,Sim,Não,0,1,1,,0,1,
904,Masculino,30,Casado,2112.24,Premium,15,Não,Não,0,0,1,,0,0,
905,Masculino,35,Divorciado,3674.47,Básico,7,Sim,Não,1,2,5,Preço alto,1,0,
906,Feminino,49,Casado,3537.28,Básico+,40,Sim,Sim,1,5,3,Problemas técnicos,1,0,
907,Feminino,49,Divorciado,7640.07,Intermediário,28,Sim,Não,0,3,2,,1,0,
908,Masculino,52,Solteiro,4649.44,Premium,32,Sim,Não,1,1,3,Atendimento ruim,1,0,
909,Masculino,56,Solteiro,1933.57,Básico+,15,Sim,Sim,1,1,5,Atendimento ruim,1,0,
910,Feminino,63,Solteiro,3152.84,Básico,70,Sim,Não,0,0,3,,0,0,
911,Masculino,69,Casado,5532.07,Básico,65,Sim,Não,1,2,3,Concorrência,1,0,
912,Masculino,46,Divorciado,7132.66,Intermediário,4,Sim,Não,0,2,1,,0,0,
913,Masculino,66,Solteiro,1621.03,Básico+,11,Sim,Sim,1,3,0,Concorrência,0,0,
914,Feminino,46,Casado,1180.11,Intermediário,26,Não,Não,1,2,3,Preço alto,0,0,
915,Feminino,61,Solteiro,6806.45,Premium,61,Sim,Não,1,2,5,Preço alto,1,0,
916,Feminino,33,Casado,4584.42,Básico,37,Sim,Não,0,1,5,,1,0,
917,Feminino,61,Solteiro,2697.56,Básico,23,Sim,Não,0,2,5,,0,0,
918,Feminino,64,Divorciado,4801.94,Básico,40,Sim,Não,0,1,5,,1,0,
919,Feminino,27,Casado,46.38,Básico,23,Sim,Não,0,0,1,,1,0,
920,Feminino,47,Solteiro,4005.06,Premium+,16,Sim,Sim,0,0,3,,0,0,
921,Masculino,42,Solteiro,4491.73,Básico,61,Sim,Não,0,1,5,,0,0,
922,Masculino,56,Solteiro,5386.41,Básico,68,Não,Não,1,2,4,Preço alto,1,0,
923,Masculino,37,Solteiro,2479.16,Intermediário+,31,Sim,Sim,0,1,3,,0,0,
924,Masculino,22,Solteiro,4128.53,Básico+,53,Sim,Sim,0,0,3,,0,0,
925,Masculino,18,Casado,2611.86,Intermediário,25,Sim,Não,1,2,5,Problemas técnicos,0,0,
926,Masculino,47,Casado,4383.08,Básico,44,Sim,Não,1,0,3,Preço alto,0,0,
927,Masculino,66,Casado,2656.98,Premium+,12,Sim,Sim,0,1,1,,1,1,
928,Feminino,20,Solteiro,3387.85,Premium,9,Não,Não,1,2,4,Problemas técnicos,0,0,
929,Feminino,62,Casado,2506.28,Intermediário+,12,Sim,Sim,1,3,2,Atendimento ruim,1,0,
930,Masculino,31,Casado,4976.7,Premium,69,Sim,Não,0,0,3,,1,1,
931,Masculino,47,Solteiro,5287.68,Básico,54,Sim,Não,0,1,5,,1,1,
932,Feminino,67,Casado,3648.07,Básico,54,Sim,Não,1,4,3,Preço alto,0,0,
933,Masculino,21,Casado,4057.36,Intermediário+,28,Sim,Sim,0,1,3,,0,0,
934,Masculino,35,Solteiro,1827.11,Intermediário,56,Sim,Não,0,1,3,,0,0,
935,Feminino,54,Solteiro,3550.49,Básico+,69,Sim,Sim,0,1,1,,0,0,
936,Masculino,42,Solteiro,3924.69,Básico,58,Sim,Não,0,2,5,,1,0,
937,Feminino,65,Solteiro,7931.19,Básico,42,Sim,Não,0,0,3,,0,0,
938,Masculino,18,Divorciado,2332.05,Básico,38,Não,Não,1,5,5,Problemas técnicos,0,0,
939,Feminino,63,Casado,6196.27,Básico+,68,Sim,Sim,0,0,5,,0,1,
940,Feminino,32,Casado,5495.29,Intermediário,53,Não,Não,0,0,2,,1,2,
941,Feminino,26,Solteiro,4420.95,Básico,33,Sim,Não,0,0,4,,1,0,
942,Masculino,32,Solteiro,6637.93,Básico+,71,Sim,Sim,1,2,5,Atendimento ruim,0,0,
943,Feminino,66,Casado,4558.16,Intermediário,56,Sim,Não,0,1,4,,1,0,
944,Masculino,41,Casado,4583.74,Intermediário,51,Sim,Não,0,1,2,,0,1,
945,Masculino,21,Solteiro,3920.32,Premium,43,Sim,Não,1,1,5,Problemas técnicos,0,0,
946,Masculino,29,Casado,5835.35,Intermediário,15,Sim,Não,0,1,0,,1,0,
947,Masculino,54,Casado,5644.7,Básico,38,Sim,Não,0,0,5,,0,0,
948,Feminino,54,Solteiro,3061.48,Premium+,15,Não,Sim,0,0,1,,2,0,
949,Feminino,60,Solteiro,2021.13,Intermediário,5,Sim,Não,0,0,3,,0,0,
950,Masculino,23,Casado,3695.53,Básico,54,Sim,Não,0,0,5,,0,0,
951,Masculino,56,Solteiro,2799.94,Intermediário+,51,Sim,Sim,0,0,3,,1,0,
952,Feminino,63,Solteiro,3904.71,Premium,10,Não,Não,1,3,5,Problemas técnicos,0,0,
953,Masculino,41,Solteiro,5856.16,Básico,12,Sim,Não,1,0,5,Problemas técnicos,2,0,
954,Feminino,28,Solteiro,3314.05,Básico,4,Sim,Não,1,5,0,Problemas técnicos,2,0,
955,Masculino,30,Casado,3935.76,Básico+,18,Sim,Sim,0,3,2,,0,1,
956,Masculino,51,Casado,4087.03,Básico+,36,Sim,Sim,0,2,2,,0,1,
957,Feminino,42,Solteiro,5272.65,Básico,25,Não,Não,0,1,3,,0,2,
958,Masculino,24,Casado,629.67,Intermediário+,36,Sim,Sim,0,0,0,,0,1,
959,Feminino,69,Casado,3089.95,Básico,67,Sim,Não,0,1,4,,0,0,
960,Masculino,21,Casado,4316.93,Premium+,9,Não,Sim,0,1,4,,0,0,
961,Masculino,25,Solteiro,5800.12,Intermediário+,61,Sim,Sim,0,0,4,,0,0,
962,Masculino,37,Solteiro,3262.15,Intermediário,53,Sim,Não,0,0,3,,0,1,
963,Feminino,46,Divorciado,1185.17,Premium+,18,Sim,Sim,0,2,4,,2,0,
964,Masculino,68,Casado,4929.57,Básico,43,Sim,Não,0,0,1,,1,0,
965,Masculino,62,Solteiro,3046.96,Básico,35,Sim,Não,0,1,2,,1,1,
966,Masculino,63,Solteiro,2215.5,Intermediário+,63,Sim,Sim,0,1,2,,0,0,
967,Masculino,27,Solteiro,3063.48,Premium+,4,Sim,Sim,0,0,5,,1,0,
968,Feminino,60,Divorciado,3723.21,Intermediário,41,Sim,Não,0,0,4,,0,0,
969,Feminino,51,Casado,3092.88,Básico+,45,Sim,Sim,0,0,4,,1,0,
970,Masculino,43,Solteiro,691.65,Premium,50,Não,Não,0,0,5,,2,0,
971,Feminino,58,Solteiro,5345.6,Básico,28,Sim,Não,0,0,5,,0,0,
972,Masculino,66,Casado,5912.31,Premium,42,Sim,Não,0,2,5,,0,0,
973,Masculino,20,Casado,4977.28,Premium,69,Sim,Não,0,0,4,,1,2,
974,Masculino,23,Solteiro,2293.47,Básico,1,Sim,Não,0,1,5,,1,0,
975,Feminino,22,Casado,3697.76,Intermediário,39,Sim,Não,1,0,4,Problemas técnicos,1,0,
976,Feminino,22,Divorciado,3990.22,Básico+,17,Sim,Sim,0,2,2,,0,0,
977,Feminino,64,Solteiro,4898.19,Básico+,35,Sim,Sim,0,0,3,,0,0,
978,Feminino,40,Casado,5002.51,Intermediário+,46,Sim,Sim,1,0,1,Concorrência,0,0,
979,Feminino,66,Solteiro,2898.74,Intermediário,42,Sim,Não,0,2,1,,1,0,
980,Feminino,26,Casado,4122.99,Premium,39,Sim,Não,0,2,2,,0,0,
981,Feminino,52,Casado,4685.92,Intermediário,49,Sim,Não,0,0,3,,1,0,
982,Feminino,37,Casado,6183.73,Básico+,62,Não,Sim,0,2,1,,0,0,
983,Feminino,66,Casado,5056.76,Premium,38,Sim,Não,0,0,3,,0,0,
984,Masculino,59,Solteiro,5183.59,Premium,23,Sim,Não,0,0,5,,0,0,
985,Feminino,52,Divorciado,4125.74,Básico+,22,Sim,Sim,0,0,4,,1,0,
986,Feminino,67,Casado,6115.69,Premium,4,Não,Não,1,2,2,Concorrência,0,0,
987,Feminino,35,Solteiro,4614.64,Básico+,49,Sim,Sim,1,3,4,Preço alto,0,1,
988,Feminino,34,Casado,2708.37,Premium,59,Sim,Não,0,0,3,,0,0,
989,Feminino,41,Casado,6105.05,Básico+,68,Sim,Sim,0,0,4,,0,0,
990,Feminino,20,Solteiro,5046.85,Básico,71,Não,Não,0,1,4,,0,0,
991,Feminino,49,Casado,3335.43,Básico,2,Sim,Não,0,1,5,,1,0,
992,Feminino,52,Divorciado,3280.76,Intermediário,49,Sim,Não,0,0,3,,0,0,
993,Feminino,55,Solteiro,4444.86,Básico,31,Não,Não,1,1,1,Atendimento ruim,0,0,
994,Feminino,30,Divorciado,4694.78,Básico,40,Não,Não,0,0,0,,1,0,
995,Feminino,64,Solteiro,4295.94,Intermediário,48,Não,Não,1,1,0,Preço alto,2,0,
996,Masculino,42,Solteiro,4466.96,Premium,51,Sim,Não,0,1,4,,0,0,
997,Masculino,26,Solteiro,6549.94,Básico+,43,Sim,Sim,0,3,4,,0,0,
998,Feminino,21,Casado,5607.31,Básico,55,Sim,Não,0,0,3,,1,0,
999,Feminino,31,Casado,4285.95,Básico+,49,Sim,Sim,0,0,5,,2,0,
1000,Masculino,54,Solteiro,5411.97,Básico+,57,Sim,Sim,0,0,3,,1,2,
